"index","Data","Hora","PRECIPITACIO TOTAL, HORARIO (mm)","PRESSAO ATMOSFERICA AO NIVEL DA ESTACAO, HORARIA (mB)","PRESSIO ATMOSFERICA MAX.NA HORA ANT. (AUT) (mB)","PRESSIO ATMOSFERICA MIN. NA HORA ANT. (AUT) (mB)","RADIACAO GLOBAL (Kj/m)","TEMPERATURA DO AR - BULBO SECO, HORARIA (C)","TEMPERATURA DO PONTO DE ORVALHO (C)","TEMPERATURA MAXIMA NA HORA ANT. (AUT) (C)","TEMPERATURA MINIMA NA HORA ANT. (AUT) (C)","TEMPERATURA ORVALHO MAX. NA HORA ANT. (AUT) (C)","TEMPERATURA ORVALHO MIN. NA HORA ANT. (AUT) (C)","UMIDADE REL. MAX. NA HORA ANT. (AUT) (%)","UMIDADE REL. MIN. NA HORA ANT. (AUT) (%)","UMIDADE RELATIVA DO AR, HORARIA (%)","VENTO, DIRECCIO HORARIA (gr) ( (gr))","VENTO, RAJADA MAXIMA (m/s)","VENTO, VELOCIDADE HORARIA (m/s)","region","state","station","station_code","latitude","longitude","height"
170017,2021-01-05,01:00:00,0,1003.5,1003.5,1002.6,0,25.7,23.9,25.8,25.6,24,23.8,91,89,90,341,1.6,0.4,25.7,"AM","MANAUS","A101",-3.10361111,-60.01555555,48.79
170023,2021-01-05,07:00:00,0,1002.4,1002.9,1002.4,0,24.9,23.7,25,24.8,23.7,23.5,93,92,93,311,0.8,0.3,24.9,"AM","MANAUS","A101",-3.10361111,-60.01555555,48.79
170029,2021-01-05,13:00:00,0,1005.1,1005.1,1004.8,1591,29.1,23.6,29.4,26.6,24.2,22.6,83,71,72,77,3.3,1.7,28,"AM","MANAUS","A101",-3.10361111,-60.01555555,48.79
170035,2021-01-05,19:00:00,6,1001.2,1001.9,1000.7,587,23.2,22.2,31.9,23,22.8,19.3,95,54,95,65,14.9,3.1,27.45,"AM","MANAUS","A101",-3.10361111,-60.01555555,48.79
170041,2021-01-06,01:00:00,0.2,1003.4,1003.4,1003,0,23.9,21.5,24,23.7,22.8,21.3,93,85,86,77,5.9,1.2,23.85,"AM","MANAUS","A101",-3.10361111,-60.01555555,48.79
170047,2021-01-06,07:00:00,0,1003,1003.3,1003,0,23.6,21.5,23.6,23.4,21.6,21.4,89,87,88,77,2,0.9,23.5,"AM","MANAUS","A101",-3.10361111,-60.01555555,48.79
170053,2021-01-06,13:00:00,0.2,1005.6,1005.6,1005.4,1818,27.6,22,27.8,25.8,23.4,21.8,81,72,72,70,4.5,2.6,26.8,"AM","MANAUS","A101",-3.10361111,-60.01555555,48.79
170059,2021-01-06,19:00:00,0.2,1001.2,1001.9,1001.2,1704,29.5,23.8,32,26.8,24.2,20.9,77,53,71,58,8.7,1.6,29.4,"AM","MANAUS","A101",-3.10361111,-60.01555555,48.79
170065,2021-01-07,01:00:00,0,1003.6,1003.6,1002.6,0,28.5,22.3,28.7,27.9,22.8,22.2,74,69,69,117,2.1,0.7,28.3,"AM","MANAUS","A101",-3.10361111,-60.01555555,48.79
170071,2021-01-07,07:00:00,0,1003,1003.2,1003,0,24.1,22,24.8,24.1,22,21.8,88,84,88,104,1.5,0.5,24.45,"AM","MANAUS","A101",-3.10361111,-60.01555555,48.79
170077,2021-01-07,13:00:00,0,1006.9,1006.9,1006.6,1159,28,23.1,28.1,26.3,24,22.5,82,75,75,189,2.8,0.7,27.2,"AM","MANAUS","A101",-3.10361111,-60.01555555,48.79
170083,2021-01-07,19:00:00,0,1002.4,1004,1002.1,423,26.2,23.2,26.2,25.5,23.8,23.1,89,84,84,37,2.8,0.9,25.85,"AM","MANAUS","A101",-3.10361111,-60.01555555,48.79
170089,2021-01-08,01:00:00,0,1004.9,1004.9,1003.8,0,25.1,24,25.2,25,24.1,23.7,94,93,94,237,1.5,0.3,25.1,"AM","MANAUS","A101",-3.10361111,-60.01555555,48.79
170095,2021-01-08,07:00:00,0,1003.8,1004,1003.8,0,24.7,23.1,25,24.7,23.5,23,91,89,91,272,4.1,0.7,24.85,"AM","MANAUS","A101",-3.10361111,-60.01555555,48.79
170101,2021-01-08,13:00:00,0,1007.1,1007.1,1006.5,570,26.5,23.2,26.6,25.5,23.4,22.9,88,82,82,232,4.9,2.1,26.05,"AM","MANAUS","A101",-3.10361111,-60.01555555,48.79
170107,2021-01-08,19:00:00,0,1001.4,1002.7,1001.4,2932,30.6,23,32.3,30,23.9,22,65,58,64,209,5.5,2.8,31.15,"AM","MANAUS","A101",-3.10361111,-60.01555555,48.79
170113,2021-01-09,01:00:00,19.4,1007,1007,1005,1,22.8,22,25.9,22.7,23.9,20.7,95,80,95,77,8.3,4.5,24.3,"AM","MANAUS","A101",-3.10361111,-60.01555555,48.79
170119,2021-01-09,07:00:00,0,1003.1,1004,1003.1,0,22.3,21.4,22.3,22,21.4,21,95,94,95,1,1.5,0.4,22.15,"AM","MANAUS","A101",-3.10361111,-60.01555555,48.79
170125,2021-01-09,13:00:00,0,1007.9,1007.9,1007.3,462,24.2,22.2,24.3,23.4,22.4,22,93,88,89,118,3,1.3,23.85,"AM","MANAUS","A101",-3.10361111,-60.01555555,48.79
170131,2021-01-09,19:00:00,0,1002.5,1003.9,1002.5,1451,30.1,22.8,30.9,28.8,23.6,21.9,70,60,65,256,5.6,2.5,29.85,"AM","MANAUS","A101",-3.10361111,-60.01555555,48.79
170137,2021-01-10,01:00:00,0,1005.3,1005.3,1004.4,0,24.2,22.9,24.4,24.2,23.1,22.8,93,92,92,296,2.6,0.4,24.3,"AM","MANAUS","A101",-3.10361111,-60.01555555,48.79
170143,2021-01-10,07:00:00,0,1004.1,1004.5,1004,0,23.8,22.7,23.9,23.6,22.9,22.6,94,94,94,9,2,0.5,23.75,"AM","MANAUS","A101",-3.10361111,-60.01555555,48.79
170149,2021-01-10,13:00:00,0,1008.6,1008.6,1007.8,492,25.1,22.6,25.5,24.9,23.1,22.5,88,84,86,6,3.7,1.1,25.2,"AM","MANAUS","A101",-3.10361111,-60.01555555,48.79
170155,2021-01-10,19:00:00,0,1003.3,1005,1003.3,1021,25.3,22.8,25.7,24.8,23.5,21.8,89,83,86,304,3.3,0.7,25.25,"AM","MANAUS","A101",-3.10361111,-60.01555555,48.79
170161,2021-01-11,01:00:00,0,1006,1006,1004.9,0,23.5,22.1,24,23.5,22.4,21.9,92,90,92,308,0.9,0.2,23.75,"AM","MANAUS","A101",-3.10361111,-60.01555555,48.79
170167,2021-01-11,07:00:00,0,1004.7,1005.1,1004.7,0,22.9,22,23,22.8,22.1,21.9,95,94,95,15,0.5,0.2,22.9,"AM","MANAUS","A101",-3.10361111,-60.01555555,48.79
170173,2021-01-11,13:00:00,0,1008.2,1008.2,1007.4,514,26.5,22.3,26.5,25.4,23.4,21.9,86,78,78,7,2.2,0.3,25.95,"AM","MANAUS","A101",-3.10361111,-60.01555555,48.79
170179,2021-01-11,19:00:00,0,1002.6,1004.7,1002.6,2095,30.8,22.5,31,28.9,24,21.4,71,58,61,3,4.1,1.1,29.95,"AM","MANAUS","A101",-3.10361111,-60.01555555,48.79
170185,2021-01-12,01:00:00,0,1005.1,1005.1,1003.9,0,26.5,23.1,26.8,26.4,24.1,23,86,80,81,58,1.9,0.9,26.6,"AM","MANAUS","A101",-3.10361111,-60.01555555,48.79
170191,2021-01-12,07:00:00,0,1004.2,1004.8,1004.2,0,25.1,22.9,25.1,24.9,23.1,22.6,89,86,88,6,1,0.4,25,"AM","MANAUS","A101",-3.10361111,-60.01555555,48.79
170197,2021-01-12,13:00:00,0,1007.5,1007.5,1006.9,966,28.6,24,28.6,26.3,24.2,22.7,84,73,76,354,3.2,0.7,27.45,"AM","MANAUS","A101",-3.10361111,-60.01555555,48.79
170203,2021-01-12,19:00:00,0,1002.4,1003.4,1002.4,1481,28.4,22.5,30.1,28.3,23.9,21.9,72,64,70,92,6.1,2.4,29.2,"AM","MANAUS","A101",-3.10361111,-60.01555555,48.79
170209,2021-01-13,01:00:00,0,1004.3,1004.4,1003.8,0,26.1,23.4,26.2,25.9,23.8,23.4,88,85,85,111,2,0.8,26.05,"AM","MANAUS","A101",-3.10361111,-60.01555555,48.79
170215,2021-01-13,07:00:00,0,1003.2,1003.5,1003.2,0,25.3,23.7,25.6,24.8,24.2,23.6,93,91,91,224,3.4,1.1,25.2,"AM","MANAUS","A101",-3.10361111,-60.01555555,48.79
170221,2021-01-13,13:00:00,0,1006.2,1006.2,1005.6,826,27.1,23.8,27.3,25.9,24.4,23.5,89,81,82,212,2.8,1,26.6,"AM","MANAUS","A101",-3.10361111,-60.01555555,48.79
170227,2021-01-13,19:00:00,10.4,1002,1002.4,1001.8,394,25.4,23.6,30,24.9,24.5,22.8,93,64,89,17,6.6,1.4,27.45,"AM","MANAUS","A101",-3.10361111,-60.01555555,48.79
170233,2021-01-14,01:00:00,0,1004.3,1004.3,1003.6,1,25.9,23.4,26.3,25.7,23.7,23.2,89,84,86,70,1.3,0.7,26,"AM","MANAUS","A101",-3.10361111,-60.01555555,48.79
170239,2021-01-14,07:00:00,0,1001.6,1002.1,1001.6,0,25.6,23.5,25.6,25,24,23.5,93,88,88,77,2.3,0.9,25.3,"AM","MANAUS","A101",-3.10361111,-60.01555555,48.79
170245,2021-01-14,13:00:00,0,1004.6,1004.6,1004.3,1220,28.7,23.3,29.4,26.7,24.9,23.1,88,71,73,5,1.5,0.7,28.05,"AM","MANAUS","A101",-3.10361111,-60.01555555,48.79
170251,2021-01-14,19:00:00,3,1001.4,1002.4,1001.4,80,24,23,24.1,23.9,23.1,22.9,94,94,94,341,4.4,0.5,24,"AM","MANAUS","A101",-3.10361111,-60.01555555,48.79
170257,2021-01-15,01:00:00,0,1003.4,1003.4,1002.7,0,24.8,23.8,25,24.8,23.8,23.6,94,93,94,250,2.4,0.6,24.9,"AM","MANAUS","A101",-3.10361111,-60.01555555,48.79
170263,2021-01-15,07:00:00,0,1002.3,1002.7,1002.3,0,24.6,23.4,24.7,24.6,23.6,23.4,94,93,93,253,2.3,1.2,24.65,"AM","MANAUS","A101",-3.10361111,-60.01555555,48.79
170269,2021-01-15,13:00:00,0,1004.9,1005.1,1004.9,997,26.9,23,27.2,25.6,23.7,22.4,86,79,79,151,2.3,1,26.4,"AM","MANAUS","A101",-3.10361111,-60.01555555,48.79
170275,2021-01-15,19:00:00,0,1000.9,1001.9,1000.9,1125,26.1,22.9,26.2,24.8,23.5,22.5,90,82,83,40,4.3,1.6,25.5,"AM","MANAUS","A101",-3.10361111,-60.01555555,48.79
170281,2021-01-16,01:00:00,0,1002.8,1002.8,1002,0,24.9,23,25.1,24.5,23.3,22.8,91,88,89,65,1.9,0.6,24.8,"AM","MANAUS","A101",-3.10361111,-60.01555555,48.79
170287,2021-01-16,07:00:00,0,1001.7,1002.2,1001.7,0,23.9,22.9,24.3,23.8,23.3,22.9,95,94,95,41,1.3,0.3,24.05,"AM","MANAUS","A101",-3.10361111,-60.01555555,48.79
170293,2021-01-16,13:00:00,0,1004.6,1004.6,1004.5,1870,29.2,23.9,29.2,27.6,24.4,22.9,80,72,73,251,1.9,0.7,28.4,"AM","MANAUS","A101",-3.10361111,-60.01555555,48.79
170299,2021-01-16,19:00:00,0,1000.5,1001.2,1000.5,843,29.3,22.7,30.7,28.4,23.5,21.7,72,59,68,297,5.4,1,29.55,"AM","MANAUS","A101",-3.10361111,-60.01555555,48.79
170305,2021-01-17,01:00:00,0,1002.5,1002.5,1001.8,0,25.4,23.3,26.1,25.3,23.3,23.1,88,84,88,49,2.6,0.7,25.7,"AM","MANAUS","A101",-3.10361111,-60.01555555,48.79
170311,2021-01-17,07:00:00,0,1001.5,1001.7,1001.4,0,23.8,22.9,24,23.7,23.1,22.9,95,95,95,269,1.6,0.5,23.85,"AM","MANAUS","A101",-3.10361111,-60.01555555,48.79
170317,2021-01-17,13:00:00,0,1004.8,1004.8,1004.2,1729,28.9,23.1,29.4,27.7,24.5,23.1,81,70,71,10,2.8,0.9,28.55,"AM","MANAUS","A101",-3.10361111,-60.01555555,48.79
170323,2021-01-17,19:00:00,0,999.4,1001,999.4,2514,32.9,21.6,33.1,28.5,24.8,20.9,79,50,52,75,4,1.3,30.8,"AM","MANAUS","A101",-3.10361111,-60.01555555,48.79
170329,2021-01-18,01:00:00,0,1001.9,1001.9,1000.4,0,28.1,23.5,28.1,27.8,23.6,22.3,77,71,76,21,1.4,0.5,27.95,"AM","MANAUS","A101",-3.10361111,-60.01555555,48.79
170335,2021-01-18,07:00:00,0,1001.1,1001.4,1001.1,0,25.8,24,26.4,25.8,24.2,23.7,90,86,90,214,1.1,0.3,26.1,"AM","MANAUS","A101",-3.10361111,-60.01555555,48.79
170341,2021-01-18,13:00:00,3.4,1005.7,1005.7,1004.6,25,24.2,23.3,24.3,24.1,23.4,23.1,95,94,95,59,4.3,0.8,24.2,"AM","MANAUS","A101",-3.10361111,-60.01555555,48.79
170347,2021-01-18,19:00:00,19,1002.5,1003.2,1002.5,88,24.2,23.3,29.2,23.8,23.4,22.1,95,67,95,69,6.8,1.8,26.5,"AM","MANAUS","A101",-3.10361111,-60.01555555,48.79
170353,2021-01-19,01:00:00,0,1003.5,1003.5,1002.9,0,24,23,24.5,24,23.2,22.9,94,92,94,79,1.8,0.4,24.25,"AM","MANAUS","A101",-3.10361111,-60.01555555,48.79
170359,2021-01-19,07:00:00,0,1002.6,1002.9,1002.6,0,24.9,24,24.9,24.4,24,23.5,95,95,95,134,1.5,0.8,24.65,"AM","MANAUS","A101",-3.10361111,-60.01555555,48.79
170365,2021-01-19,13:00:00,0,1005.6,1005.6,1005.3,765,27.1,24.1,28.2,26.4,24.4,23.4,86,77,84,55,2.4,0.8,27.3,"AM","MANAUS","A101",-3.10361111,-60.01555555,48.79
170371,2021-01-19,19:00:00,0,1000.9,1002.1,1000.9,2688,30.3,22,30.4,29.3,22.8,21.6,66,61,61,68,6.5,2.5,29.85,"AM","MANAUS","A101",-3.10361111,-60.01555555,48.79
170377,2021-01-20,01:00:00,0.4,1005,1005,1004.3,0,24.7,23.4,24.8,24.7,23.5,23.3,93,92,92,139,2.9,0.7,24.75,"AM","MANAUS","A101",-3.10361111,-60.01555555,48.79
170383,2021-01-20,07:00:00,0.2,1003.3,1003.6,1003.3,0,24.8,23.6,24.8,24.6,23.7,23.5,94,93,93,252,4.4,2,24.7,"AM","MANAUS","A101",-3.10361111,-60.01555555,48.79
170389,2021-01-20,13:00:00,7.4,1007.6,1007.6,1007.1,224,22.9,22.1,22.9,22.5,22.1,21.7,95,95,95,292,3.9,0.7,22.7,"AM","MANAUS","A101",-3.10361111,-60.01555555,48.79
170395,2021-01-20,19:00:00,0,1003,1004.2,1003,1715,26.6,22.5,26.6,25.7,23.4,21.8,85,77,78,47,4.6,1.8,26.15,"AM","MANAUS","A101",-3.10361111,-60.01555555,48.79
170401,2021-01-21,01:00:00,0,1004.5,1004.5,1004.2,0,24.6,22.5,25,24.6,22.5,22.4,88,85,88,72,2.9,0.9,24.8,"AM","MANAUS","A101",-3.10361111,-60.01555555,48.79
170407,2021-01-21,07:00:00,0,1003.8,1003.8,1003.7,0,24.3,22.6,24.4,24.1,22.9,22.6,92,90,90,73,2.7,1.2,24.25,"AM","MANAUS","A101",-3.10361111,-60.01555555,48.79
170413,2021-01-21,13:00:00,0,1007.7,1007.7,1007.4,635,25.5,23.1,25.5,24.7,23.7,23,91,86,87,99,3.1,1.6,25.1,"AM","MANAUS","A101",-3.10361111,-60.01555555,48.79
170419,2021-01-21,19:00:00,0,1004.6,1005.6,1004.6,1406,26,21.1,26.5,25.4,22.8,20.9,81,73,75,86,5.7,2,25.95,"AM","MANAUS","A101",-3.10361111,-60.01555555,48.79
170425,2021-01-22,01:00:00,0,1004.9,1004.9,1004.1,0,24.5,22.4,24.6,24.4,22.4,22.2,88,86,88,73,2.7,1.1,24.5,"AM","MANAUS","A101",-3.10361111,-60.01555555,48.79
170431,2021-01-22,07:00:00,0,1003.8,1004.2,1003.8,0,23.6,21.3,23.9,23.6,21.4,21.2,87,85,87,81,2.3,0.9,23.75,"AM","MANAUS","A101",-3.10361111,-60.01555555,48.79
170437,2021-01-22,13:00:00,0,1007.5,1007.5,1007,1336,27.4,21.8,27.4,25.7,22.8,21.1,81,70,72,111,3.4,1.4,26.55,"AM","MANAUS","A101",-3.10361111,-60.01555555,48.79
170443,2021-01-22,19:00:00,0,1002.9,1003.9,1002.9,2857,30.9,20,31.7,30.4,21.7,19,57,48,52,78,7.4,3.1,31.05,"AM","MANAUS","A101",-3.10361111,-60.01555555,48.79
170449,2021-01-23,01:00:00,0,1004.9,1004.9,1003.6,0,25.6,22.4,25.9,25.5,22.8,22.4,83,81,83,77,5.1,1.7,25.7,"AM","MANAUS","A101",-3.10361111,-60.01555555,48.79
170455,2021-01-23,07:00:00,0,1004.3,1004.7,1004.3,0,24,22.4,24.4,24,22.4,22.3,91,88,91,74,3,1.1,24.2,"AM","MANAUS","A101",-3.10361111,-60.01555555,48.79
170461,2021-01-23,13:00:00,0,1006.7,1006.7,1006.2,1888,28.3,21.5,28.7,26.9,22.5,21.3,75,66,67,75,6.2,3.1,27.8,"AM","MANAUS","A101",-3.10361111,-60.01555555,48.79
170467,2021-01-23,19:00:00,0,1001.7,1003.1,1001.7,2775,30.8,21.2,31.6,29.2,24.2,20.9,72,54,57,76,6.2,2.6,30.4,"AM","MANAUS","A101",-3.10361111,-60.01555555,48.79
170473,2021-01-24,01:00:00,0,1003,1003,1002.3,0,27.7,23.2,27.8,27.2,23.3,22.8,78,74,77,63,1.8,0.8,27.5,"AM","MANAUS","A101",-3.10361111,-60.01555555,48.79
170479,2021-01-24,07:00:00,0,1002.6,1003.1,1002.6,0,25.7,23.6,25.8,25.6,23.9,23.6,90,88,88,348,1.2,0.4,25.7,"AM","MANAUS","A101",-3.10361111,-60.01555555,48.79
170485,2021-01-24,13:00:00,0,1006.1,1006.1,1005.6,1177,28.8,23.3,29.7,27.6,24.7,22.6,80,71,72,329,3.5,1,28.65,"AM","MANAUS","A101",-3.10361111,-60.01555555,48.79
170491,2021-01-24,19:00:00,0,1002,1003.2,1002,818,29.5,22.5,29.6,28.8,23.2,22.3,71,64,66,255,4,1.6,29.2,"AM","MANAUS","A101",-3.10361111,-60.01555555,48.79
170497,2021-01-25,01:00:00,0,1004.1,1004.1,1003.3,0,26.1,23.9,26.5,26.1,24.1,23.8,88,85,88,189,3.4,1.5,26.3,"AM","MANAUS","A101",-3.10361111,-60.01555555,48.79
170503,2021-01-25,07:00:00,0,1003,1003.4,1003,0,25.1,23.6,25.3,25.1,23.7,23.5,91,90,91,230,3.3,1.4,25.2,"AM","MANAUS","A101",-3.10361111,-60.01555555,48.79
170509,2021-01-25,13:00:00,6.4,1006.8,1007.2,1006.1,384,24.4,23.3,26.3,24.2,23.4,22.6,94,83,94,249,4.4,0.5,25.25,"AM","MANAUS","A101",-3.10361111,-60.01555555,48.79
170515,2021-01-25,19:00:00,0,1001.3,1002.7,1001.3,2172,29.7,21.8,31,29.7,23.5,21.3,66,59,63,45,4.7,1.1,30.35,"AM","MANAUS","A101",-3.10361111,-60.01555555,48.79
170521,2021-01-26,01:00:00,0,1003.1,1003.2,1002.4,0,27.3,22.4,27.4,26.6,22.8,22.3,80,74,75,44,2.8,1.3,27,"AM","MANAUS","A101",-3.10361111,-60.01555555,48.79
170527,2021-01-26,07:00:00,0,1002.9,1002.9,1002.7,0,24.6,22.9,25,24.3,23,22.6,91,87,90,35,1.6,0.8,24.65,"AM","MANAUS","A101",-3.10361111,-60.01555555,48.79
170533,2021-01-26,13:00:00,0,1006.2,1006.3,1005.5,1537,29.1,22.8,29.7,28,24,22.1,76,67,69,337,3.1,1,28.85,"AM","MANAUS","A101",-3.10361111,-60.01555555,48.79
170539,2021-01-26,19:00:00,10.8,1003.7,1003.7,1003.2,503,24.3,23.1,25.3,24.3,24.1,23.1,94,91,93,76,7.9,2.8,24.8,"AM","MANAUS","A101",-3.10361111,-60.01555555,48.79
170545,2021-01-27,01:00:00,0,1003.7,1003.7,1002.5,0,24.4,23,24.4,23.9,23.2,22.8,94,92,92,77,1.6,1,24.15,"AM","MANAUS","A101",-3.10361111,-60.01555555,48.79
170551,2021-01-27,07:00:00,0,1003.3,1004,1003.3,0,23.3,22.3,23.9,23.3,22.6,22.3,94,92,94,50,1.3,0.3,23.6,"AM","MANAUS","A101",-3.10361111,-60.01555555,48.79
170557,2021-01-27,13:00:00,0.8,1007.2,1007.2,1006.8,538,24.5,23.5,24.6,23.9,23.5,22.2,94,89,94,317,6.1,0.8,24.25,"AM","MANAUS","A101",-3.10361111,-60.01555555,48.79
170563,2021-01-27,19:00:00,0,1002.2,1003.2,1002.2,1544,29.1,22.4,30.1,29,23.4,22.2,69,63,67,130,4.1,1.8,29.55,"AM","MANAUS","A101",-3.10361111,-60.01555555,48.79
170569,2021-01-28,01:00:00,0,1003,1003,1002.4,0,26.6,23.8,26.9,26.5,23.8,23.6,84,82,84,101,2.5,1.1,26.7,"AM","MANAUS","A101",-3.10361111,-60.01555555,48.79
170575,2021-01-28,07:00:00,0,1002.4,1002.8,1002.4,0,24.9,23.6,25.2,24.6,23.6,23.3,93,90,93,101,2,0.4,24.9,"AM","MANAUS","A101",-3.10361111,-60.01555555,48.79
170581,2021-01-28,13:00:00,2.8,1005.7,1005.7,1005.2,203,23.9,22.8,23.9,23.1,22.8,22.2,95,94,94,73,3,1.1,23.5,"AM","MANAUS","A101",-3.10361111,-60.01555555,48.79
170587,2021-01-28,19:00:00,0,1001.7,1002.6,1001.7,781,27.2,23.7,27.6,26.5,24.2,23.1,87,79,81,180,1.6,0.3,27.05,"AM","MANAUS","A101",-3.10361111,-60.01555555,48.79
170593,2021-01-29,01:00:00,0,1003.8,1003.8,1003,0,25.3,24.2,25.3,24.9,24.2,23.8,94,93,94,49,2,1,25.1,"AM","MANAUS","A101",-3.10361111,-60.01555555,48.79
170599,2021-01-29,07:00:00,0,1002.5,1003.1,1002.4,0,24,22.9,24.6,24,23.6,22.9,95,93,94,58,1.6,0.5,24.3,"AM","MANAUS","A101",-3.10361111,-60.01555555,48.79
170605,2021-01-29,13:00:00,0.2,1005.7,1005.7,1004.9,724,26.7,22.8,26.7,25.2,23.4,22.1,86,79,79,84,1.9,0.5,25.95,"AM","MANAUS","A101",-3.10361111,-60.01555555,48.79
170611,2021-01-29,19:00:00,2.2,1002.2,1003.8,1002.2,324,24,22.6,24.2,23.6,22.7,22.2,93,91,92,54,4.6,1.6,23.9,"AM","MANAUS","A101",-3.10361111,-60.01555555,48.79
170617,2021-01-30,01:00:00,0,1004.2,1004.2,1003.2,0,23.8,22.9,23.9,23.8,23,22.9,95,95,95,81,1.2,0.3,23.85,"AM","MANAUS","A101",-3.10361111,-60.01555555,48.79
170623,2021-01-30,07:00:00,0,1003.1,1003.5,1003.1,0,23.3,22.5,23.6,23.3,22.8,22.5,95,95,95,74,1,0.1,23.45,"AM","MANAUS","A101",-3.10361111,-60.01555555,48.79
170629,2021-01-30,13:00:00,4.2,1006.8,1006.9,1006.5,251,24,23,24.6,23.6,23.2,22.6,95,91,94,34,5.3,0.8,24.1,"AM","MANAUS","A101",-3.10361111,-60.01555555,48.79
170635,2021-01-30,19:00:00,0,1002.5,1004.1,1002.5,1578,28.2,23.1,28.6,27.9,24,22.7,77,71,74,94,4.5,1.7,28.25,"AM","MANAUS","A101",-3.10361111,-60.01555555,48.79
170641,2021-01-31,01:00:00,0,1004,1004,1003,0,25.3,23.9,25.6,25.1,24,23.7,93,90,92,54,1.9,0.9,25.35,"AM","MANAUS","A101",-3.10361111,-60.01555555,48.79
170647,2021-01-31,07:00:00,0.2,1004.1,1004.3,1004.1,0,24.1,23.1,24.1,23.9,23.2,23,95,94,95,49,1.7,0.8,24,"AM","MANAUS","A101",-3.10361111,-60.01555555,48.79
170653,2021-01-31,13:00:00,0,1006.7,1006.7,1006.3,1707,27.8,22.2,29,26.7,23.5,22,79,69,72,71,3.8,1.7,27.85,"AM","MANAUS","A101",-3.10361111,-60.01555555,48.79
170659,2021-01-31,19:00:00,0,1001.6,1003,1001.6,2293,31.1,22.1,32.4,31,22.7,20.8,59,53,59,105,7.9,2.6,31.7,"AM","MANAUS","A101",-3.10361111,-60.01555555,48.79
170665,2021-02-01,01:00:00,0,1002.8,1002.8,1001.7,0,26.4,22.7,26.9,26.4,22.8,22.6,80,78,80,101,4.7,1.6,26.65,"AM","MANAUS","A101",-3.10361111,-60.01555555,48.79
170671,2021-02-01,07:00:00,0,1002.7,1003,1002.6,0,24.7,23.1,24.8,24.7,23.1,23,91,90,91,101,4.5,1.4,24.75,"AM","MANAUS","A101",-3.10361111,-60.01555555,48.79
170677,2021-02-01,13:00:00,0,1005.9,1005.9,1005.1,1304,27.7,23.2,28.5,25.9,23.9,22.7,85,73,76,76,4,1,27.2,"AM","MANAUS","A101",-3.10361111,-60.01555555,48.79
170683,2021-02-01,19:00:00,0,1000.7,1002,1000.7,1989,30,22.2,31.7,29.6,24.9,22.2,71,61,63,49,6.7,2.3,30.65,"AM","MANAUS","A101",-3.10361111,-60.01555555,48.79
170689,2021-02-02,01:00:00,0,1002.8,1002.8,1001.8,0,27.5,25,27.9,27.3,25,24.1,87,81,86,286,2.5,0.8,27.6,"AM","MANAUS","A101",-3.10361111,-60.01555555,48.79
170695,2021-02-02,07:00:00,0,1002.1,1002.6,1002.1,0,26.2,24.9,26.8,26.2,25.3,24.9,92,91,92,13,1.3,0.2,26.5,"AM","MANAUS","A101",-3.10361111,-60.01555555,48.79
170701,2021-02-02,13:00:00,0,1005,1005,1004.8,1217,29.5,23.8,29.5,27.6,25,23,80,68,72,41,2.8,0.9,28.55,"AM","MANAUS","A101",-3.10361111,-60.01555555,48.79
170707,2021-02-02,19:00:00,0.2,1001.9,1002.8,1001.9,425,24.5,22.4,25.5,24.5,22.9,22.2,89,83,88,14,8.7,1,25,"AM","MANAUS","A101",-3.10361111,-60.01555555,48.79
170713,2021-02-03,01:00:00,0,1004.5,1004.5,1003.5,0,25,22.9,25.3,24.9,23.5,22.9,90,88,88,252,3.5,1.2,25.1,"AM","MANAUS","A101",-3.10361111,-60.01555555,48.79
170719,2021-02-03,07:00:00,0,1003.6,1003.9,1003.5,0,23.9,23.1,24.1,23.9,23.1,23,95,94,95,12,1.5,0.3,24,"AM","MANAUS","A101",-3.10361111,-60.01555555,48.79
170725,2021-02-03,13:00:00,0,1006.9,1006.9,1006.2,908,26.3,23.5,26.4,25.2,23.9,23.1,91,84,84,60,4.5,1.5,25.8,"AM","MANAUS","A101",-3.10361111,-60.01555555,48.79
170731,2021-02-03,19:00:00,0,1003,1004.1,1003,1597,28.6,22.3,29.7,28.6,23.2,22,72,64,69,81,5.8,2.7,29.15,"AM","MANAUS","A101",-3.10361111,-60.01555555,48.79
170737,2021-02-04,01:00:00,0,1004.3,1004.3,1003,0,26.4,23.1,26.5,25.8,23.5,23.1,86,82,82,114,1.3,0.7,26.15,"AM","MANAUS","A101",-3.10361111,-60.01555555,48.79
170743,2021-02-04,07:00:00,0,1003.8,1004.3,1003.8,0,25.9,24.2,26.3,25.8,24.2,24,90,88,90,108,1.9,0.7,26.05,"AM","MANAUS","A101",-3.10361111,-60.01555555,48.79
170749,2021-02-04,13:00:00,0,1006.7,1006.7,1006.4,1201,29,24.2,29.2,26.6,24.9,23.6,87,76,76,181,3,1,27.9,"AM","MANAUS","A101",-3.10361111,-60.01555555,48.79
170755,2021-02-04,19:00:00,0,1001.5,1003.1,1001.5,2936,32.9,22.6,33.2,32.1,23.1,21.5,57,52,55,98,6,2.3,32.65,"AM","MANAUS","A101",-3.10361111,-60.01555555,48.79
170761,2021-02-05,01:00:00,0,1003.4,1003.4,1001.9,0,28,23.1,29.3,28,23.1,22.2,75,66,75,42,2.4,0.6,28.65,"AM","MANAUS","A101",-3.10361111,-60.01555555,48.79
170767,2021-02-05,07:00:00,0,1002.4,1002.8,1002.3,0,25.5,23.9,26,25.5,23.9,23.7,91,88,91,16,1,0.3,25.75,"AM","MANAUS","A101",-3.10361111,-60.01555555,48.79
170773,2021-02-05,13:00:00,0,1005.4,1005.4,1004.9,1575,29.4,23.5,30.3,28.2,24.9,23,78,67,71,16,4.2,1.5,29.25,"AM","MANAUS","A101",-3.10361111,-60.01555555,48.79
170779,2021-02-05,19:00:00,0,1000.2,1001.2,1000.2,1716,32.3,22.2,33.1,30.3,23,21,63,50,55,54,6.1,2.1,31.7,"AM","MANAUS","A101",-3.10361111,-60.01555555,48.79
170785,2021-02-06,01:00:00,0,1004.3,1004.3,1003,0,28.2,23.9,29.3,28.2,23.9,23,77,70,77,157,1.8,0.4,28.75,"AM","MANAUS","A101",-3.10361111,-60.01555555,48.79
170791,2021-02-06,07:00:00,0,1002.9,1003.1,1002.8,0,26.3,24.4,26.6,26.1,24.4,24,89,87,89,203,2.5,1.2,26.35,"AM","MANAUS","A101",-3.10361111,-60.01555555,48.79
170797,2021-02-06,13:00:00,0,1007.3,1007.3,1006.3,776,27.6,23.7,27.6,25.8,24,23.3,88,79,79,240,5.3,1.6,26.7,"AM","MANAUS","A101",-3.10361111,-60.01555555,48.79
170803,2021-02-06,19:00:00,0,1003.5,1004.3,1003.5,1330,26.3,23.2,27,25.1,24.3,22.8,89,79,83,13,4.7,0.8,26.05,"AM","MANAUS","A101",-3.10361111,-60.01555555,48.79
170809,2021-02-07,01:00:00,0,1005.2,1005.2,1004.2,0,25.4,23.2,25.6,25.3,23.3,23.1,88,87,87,23,2.7,0.6,25.45,"AM","MANAUS","A101",-3.10361111,-60.01555555,48.79
170815,2021-02-07,07:00:00,0,1004.5,1004.8,1004.5,0,24.7,23.3,25.1,24.6,23.3,23.1,92,89,92,11,1.9,0.4,24.85,"AM","MANAUS","A101",-3.10361111,-60.01555555,48.79
170821,2021-02-07,13:00:00,0,1007.1,1007.1,1006.5,957,27.7,23.7,27.9,27.3,24.7,23.7,85,78,79,262,3.2,1.1,27.6,"AM","MANAUS","A101",-3.10361111,-60.01555555,48.79
170827,2021-02-07,19:00:00,0.2,1003,1004.5,1003,2424,27.5,24.1,27.8,25,25,22.9,92,80,82,43,6.5,2.6,26.4,"AM","MANAUS","A101",-3.10361111,-60.01555555,48.79
170833,2021-02-08,01:00:00,0,1005.2,1005.2,1004.5,0,24.8,22.3,25.2,24.8,22.6,22.2,87,84,86,86,2.5,0.3,25,"AM","MANAUS","A101",-3.10361111,-60.01555555,48.79
170839,2021-02-08,07:00:00,0,1003,1003.3,1003,0,23.9,22.2,24,23.6,22.3,22,91,89,90,51,1.6,0.6,23.8,"AM","MANAUS","A101",-3.10361111,-60.01555555,48.79
170845,2021-02-08,13:00:00,0,1007,1007,1006.4,1204,28,23.4,28.4,25.4,24,22.7,87,73,76,296,2.4,0.8,26.9,"AM","MANAUS","A101",-3.10361111,-60.01555555,48.79
170851,2021-02-08,19:00:00,0,1002.4,1003.2,1002.4,1137,27.5,23.6,28.3,26.9,25.6,23.2,91,77,79,61,4,1.7,27.6,"AM","MANAUS","A101",-3.10361111,-60.01555555,48.79
170857,2021-02-09,01:00:00,0,1003.5,1003.5,1002.7,0,26.1,23.7,26.7,26.1,24.3,23.7,88,86,87,27,3.9,1,26.4,"AM","MANAUS","A101",-3.10361111,-60.01555555,48.79
170863,2021-02-09,07:00:00,0,1002.3,1002.4,1002.1,0,24.5,22.9,24.5,24.1,23.1,22.8,93,91,91,71,1.3,0.3,24.3,"AM","MANAUS","A101",-3.10361111,-60.01555555,48.79
170869,2021-02-09,13:00:00,0,1006.2,1006.2,1005.6,432,26.7,23.9,26.7,25.8,23.9,23,86,83,85,330,2,0.6,26.25,"AM","MANAUS","A101",-3.10361111,-60.01555555,48.79
170875,2021-02-09,19:00:00,0,1001.6,1002.9,1001.6,975,29.6,22.9,30.3,29.3,23.8,22.6,71,65,67,283,4.1,1.4,29.8,"AM","MANAUS","A101",-3.10361111,-60.01555555,48.79
170881,2021-02-10,01:00:00,2.2,1005,1005,1003.9,0,24,22.5,27.4,24,24,22.4,92,80,91,77,7.9,2.3,25.7,"AM","MANAUS","A101",-3.10361111,-60.01555555,48.79
170887,2021-02-10,07:00:00,0.6,1002.6,1003.1,1002.4,0,23.3,22.3,23.4,23.1,22.4,22.1,95,94,94,350,2.9,0.6,23.25,"AM","MANAUS","A101",-3.10361111,-60.01555555,48.79
170893,2021-02-10,13:00:00,0,1005.4,1005.4,1005,1999,28.4,21.9,28.8,26.8,22.9,21.2,80,67,68,82,4.3,2.3,27.8,"AM","MANAUS","A101",-3.10361111,-60.01555555,48.79
170899,2021-02-10,19:00:00,0,1000.8,1001.9,1000.8,2196,31,21.5,31.9,30.6,21.9,20.3,58,50,57,70,6.4,2.1,31.25,"AM","MANAUS","A101",-3.10361111,-60.01555555,48.79
170905,2021-02-11,01:00:00,0,1003.2,1003.2,1002.5,0,26.8,23.7,27.2,26.7,23.7,23.3,83,79,83,68,4.2,1.5,26.95,"AM","MANAUS","A101",-3.10361111,-60.01555555,48.79
170911,2021-02-11,07:00:00,0,1002.3,1002.5,1002.3,0,25.5,23.1,25.6,25.4,23.7,23.1,90,87,87,62,3.8,1.6,25.5,"AM","MANAUS","A101",-3.10361111,-60.01555555,48.79
170917,2021-02-11,13:00:00,0,1005.5,1005.6,1005,1343,27.5,22.5,28,26.2,23.4,22.4,83,73,74,54,5.1,2.3,27.1,"AM","MANAUS","A101",-3.10361111,-60.01555555,48.79
170923,2021-02-11,19:00:00,0,1000.6,1001.8,1000.6,2731,32.2,21,32.6,31.1,22.6,20.8,57,51,52,90,4.5,1.4,31.85,"AM","MANAUS","A101",-3.10361111,-60.01555555,48.79
170929,2021-02-12,01:00:00,0,1003,1003,1002.2,0,25.6,23.5,25.9,25.6,24,23.5,90,88,88,44,5.8,2.5,25.75,"AM","MANAUS","A101",-3.10361111,-60.01555555,48.79
170935,2021-02-12,07:00:00,0,1002.7,1003.2,1002.6,0,24.3,23.4,24.5,24.2,23.5,23.3,95,94,94,318,1.6,0.2,24.35,"AM","MANAUS","A101",-3.10361111,-60.01555555,48.79
170941,2021-02-12,13:00:00,0.2,1005.6,1005.6,1004.9,774,25.2,23,25.6,24.5,23.7,22.8,92,87,87,51,5,2.2,25.05,"AM","MANAUS","A101",-3.10361111,-60.01555555,48.79
170947,2021-02-12,19:00:00,0,1001.8,1002.3,1001.6,1996,28.3,22.5,28.6,27.7,23.3,22.1,75,70,71,71,8.1,2.5,28.15,"AM","MANAUS","A101",-3.10361111,-60.01555555,48.79
170953,2021-02-13,01:00:00,0,1003.5,1003.5,1002.6,0,25.4,23.5,26.1,25.4,23.5,23.1,89,84,89,143,1.9,0.7,25.75,"AM","MANAUS","A101",-3.10361111,-60.01555555,48.79
170959,2021-02-13,07:00:00,0,1002.9,1003.3,1002.9,0,24.7,23.5,25,24.4,23.5,23.2,94,91,93,192,1.5,0.8,24.7,"AM","MANAUS","A101",-3.10361111,-60.01555555,48.79
170965,2021-02-13,13:00:00,0,1005.4,1005.4,1005,994,27.7,23.9,27.7,26.4,24.1,23.2,86,78,80,307,3.1,0.9,27.05,"AM","MANAUS","A101",-3.10361111,-60.01555555,48.79
170971,2021-02-13,19:00:00,2.6,1002.8,1003.2,1002.8,121,24.1,23.1,24.4,24.1,23.4,23,94,93,94,95,4.4,0.4,24.25,"AM","MANAUS","A101",-3.10361111,-60.01555555,48.79
170977,2021-02-14,01:00:00,0,1004.1,1004.1,1003.2,0,23.9,23.1,24,23.9,23.1,23,95,95,95,183,2,0.3,23.95,"AM","MANAUS","A101",-3.10361111,-60.01555555,48.79
170983,2021-02-14,07:00:00,0,1003.7,1004.1,1003.7,0,24.1,23.3,24.1,24,23.3,23.2,95,95,95,195,1.5,0.6,24.05,"AM","MANAUS","A101",-3.10361111,-60.01555555,48.79
170989,2021-02-14,13:00:00,0.8,1006.9,1006.9,1005.4,237,24.8,23.6,25.4,24.8,24.5,23.6,95,93,93,35,7.8,1.3,25.1,"AM","MANAUS","A101",-3.10361111,-60.01555555,48.79
170995,2021-02-14,19:00:00,0.6,1003,1004.1,1003,430,23.8,22.6,23.9,23.5,22.8,22.4,94,93,93,60,2,0.9,23.7,"AM","MANAUS","A101",-3.10361111,-60.01555555,48.79
171001,2021-02-15,01:00:00,0,1003.5,1003.5,1002.8,0,23.7,22.8,23.8,23.6,22.9,22.8,95,95,95,289,0.6,0.3,23.7,"AM","MANAUS","A101",-3.10361111,-60.01555555,48.79
171007,2021-02-15,07:00:00,0,1004,1004.5,1004,1,24.2,23.3,24.4,24.2,23.5,23.3,95,94,94,193,4.3,1.3,24.3,"AM","MANAUS","A101",-3.10361111,-60.01555555,48.79
171013,2021-02-15,13:00:00,0.4,1007,1007,1006.3,349,25.1,23.4,25.1,24.7,23.4,23.2,92,90,91,73,1.8,0.6,24.9,"AM","MANAUS","A101",-3.10361111,-60.01555555,48.79
171019,2021-02-15,19:00:00,6.6,1003.7,1004.3,1003.7,382,24,22.7,28.3,23.7,24.1,22.3,93,77,92,59,7,2.5,26,"AM","MANAUS","A101",-3.10361111,-60.01555555,48.79
171025,2021-02-16,01:00:00,0.2,1005,1005,1004.5,0,24.2,23.2,24.3,24.1,23.2,23,94,93,94,79,4.3,0.8,24.2,"AM","MANAUS","A101",-3.10361111,-60.01555555,48.79
171031,2021-02-16,07:00:00,0,1003.8,1004.3,1003.8,0,24.2,23,24.3,23.8,23.2,22.8,94,92,93,73,1.7,0.8,24.05,"AM","MANAUS","A101",-3.10361111,-60.01555555,48.79
171037,2021-02-16,13:00:00,0,1006.7,1006.8,1006.4,614,26.3,23.8,26.3,25.5,24.1,23.4,90,86,86,40,2.8,1.4,25.9,"AM","MANAUS","A101",-3.10361111,-60.01555555,48.79
171043,2021-02-16,19:00:00,0,1002.7,1004,1002.7,1291,28.3,21.7,31.7,28.3,22.4,20.7,68,54,67,61,7.2,2.6,30,"AM","MANAUS","A101",-3.10361111,-60.01555555,48.79
171049,2021-02-17,01:00:00,0,1004.3,1004.3,1003.1,0,26.7,21.8,27,26.6,21.8,21.5,75,72,75,51,4.5,1.7,26.8,"AM","MANAUS","A101",-3.10361111,-60.01555555,48.79
171055,2021-02-17,07:00:00,0,1003.7,1004.1,1003.7,0,25.1,21.8,25.2,25.1,22.1,21.7,84,81,82,67,4.3,1.3,25.15,"AM","MANAUS","A101",-3.10361111,-60.01555555,48.79
171061,2021-02-17,13:00:00,0,1005.4,1005.6,1005.4,898,27,21.5,27.1,25.8,22.5,21.4,82,71,72,49,4,2.1,26.45,"AM","MANAUS","A101",-3.10361111,-60.01555555,48.79
171067,2021-02-17,19:00:00,0,1001.8,1002.5,1001.8,1923,31.7,21.1,33.6,31.5,21.6,19.8,53,46,53,51,5.2,1.8,32.55,"AM","MANAUS","A101",-3.10361111,-60.01555555,48.79
171073,2021-02-18,01:00:00,0,1005.2,1005.2,1004.3,1,25.6,23.2,26.3,25.5,23.3,22.4,88,79,87,194,3.1,0.9,25.9,"AM","MANAUS","A101",-3.10361111,-60.01555555,48.79
171079,2021-02-18,07:00:00,0,1003.5,1003.6,1003.5,0,24.9,23.8,24.9,24.5,23.8,23.5,94,94,94,27,0.9,0.4,24.7,"AM","MANAUS","A101",-3.10361111,-60.01555555,48.79
171085,2021-02-18,13:00:00,0,1006.9,1006.9,1006.1,1943,29.3,22.1,29.8,27.9,24.2,22,79,65,65,70,6.1,2.5,28.85,"AM","MANAUS","A101",-3.10361111,-60.01555555,48.79
171091,2021-02-18,19:00:00,0,1001.8,1002.9,1001.8,1776,32.1,20.2,33.1,30.7,22.3,19.6,59,46,50,95,4.3,2.1,31.9,"AM","MANAUS","A101",-3.10361111,-60.01555555,48.79
171097,2021-02-19,01:00:00,0,1003.9,1003.9,1003.2,0,28.6,21.6,29.2,28.6,21.8,21.5,66,63,66,74,3.4,1.6,28.9,"AM","MANAUS","A101",-3.10361111,-60.01555555,48.79
171103,2021-02-19,07:00:00,0,1003.6,1004.1,1003.6,0,26.1,21.8,26.7,26,21.9,21.6,78,74,77,54,4.4,1.2,26.35,"AM","MANAUS","A101",-3.10361111,-60.01555555,48.79
171109,2021-02-19,13:00:00,0,1006,1006.1,1005.7,1924,29.9,21.5,30.1,28.5,23.1,21.4,70,61,61,42,6.2,2.5,29.3,"AM","MANAUS","A101",-3.10361111,-60.01555555,48.79
171115,2021-02-19,19:00:00,0,1001.6,1002.8,1001.6,1685,33.3,22.4,33.3,30.3,22.8,20.9,62,48,53,289,5.2,1.4,31.8,"AM","MANAUS","A101",-3.10361111,-60.01555555,48.79
171121,2021-02-20,01:00:00,0,1005,1005,1003.8,0,27.5,21.4,27.9,27.5,21.7,20.8,70,66,69,343,1.5,0.4,27.7,"AM","MANAUS","A101",-3.10361111,-60.01555555,48.79
171127,2021-02-20,07:00:00,5.6,1005.1,1005.7,1005.1,0,21.9,21,22.2,21.8,21.4,20.9,96,94,95,227,9.2,3.9,22,"AM","MANAUS","A101",-3.10361111,-60.01555555,48.79
171133,2021-02-20,13:00:00,0.8,1009.6,1009.6,1008.5,219,22.6,21.6,22.6,22.3,21.6,21.3,94,94,94,274,4.8,1.3,22.45,"AM","MANAUS","A101",-3.10361111,-60.01555555,48.79
171139,2021-02-20,19:00:00,0.6,1005,1006.5,1005,954,25.3,22.6,25.3,23.8,22.8,21.7,92,83,85,315,3.3,0.4,24.55,"AM","MANAUS","A101",-3.10361111,-60.01555555,48.79
171145,2021-02-21,01:00:00,0,1004.1,1004.1,1003.9,0,24.2,22,24.3,23.6,22.4,22,92,87,88,71,2.5,1.5,23.95,"AM","MANAUS","A101",-3.10361111,-60.01555555,48.79
171151,2021-02-21,07:00:00,0,1004.8,1005.2,1004.8,0,23.1,22.2,23.2,23.1,22.2,22.1,95,94,95,61,1.7,0.9,23.15,"AM","MANAUS","A101",-3.10361111,-60.01555555,48.79
171157,2021-02-21,13:00:00,0,1007.8,1007.8,1007.1,950,25.5,22.3,25.6,24.8,22.8,21.8,86,81,83,43,4.6,1.9,25.2,"AM","MANAUS","A101",-3.10361111,-60.01555555,48.79
171163,2021-02-21,19:00:00,0,1003.3,1004.8,1003.3,2470,31.1,21.3,31.5,29.3,22.7,20.1,66,52,56,39,5.2,1.3,30.4,"AM","MANAUS","A101",-3.10361111,-60.01555555,48.79
171169,2021-02-22,01:00:00,0,1005.3,1005.3,1004.2,0,27,22.4,27.3,26.8,22.9,22.3,78,75,76,49,3.8,1.2,27.05,"AM","MANAUS","A101",-3.10361111,-60.01555555,48.79
171175,2021-02-22,07:00:00,0,1004.2,1004.5,1004.2,0,25.2,21.7,25.4,25.2,22.1,21.6,82,80,81,47,3.4,1.7,25.3,"AM","MANAUS","A101",-3.10361111,-60.01555555,48.79
171181,2021-02-22,13:00:00,0,1007,1007,1006.2,1112,27.3,22.3,27.4,26.3,22.7,22,78,73,74,53,6.7,2.9,26.85,"AM","MANAUS","A101",-3.10361111,-60.01555555,48.79
171187,2021-02-22,19:00:00,0,1001.8,1003.1,1001.8,2007,30.7,21.6,32.3,30.6,22.4,20.4,59,52,58,94,5.7,1.5,31.45,"AM","MANAUS","A101",-3.10361111,-60.01555555,48.79
171193,2021-02-23,01:00:00,0,1005.1,1005.1,1004.2,0,27.5,22.8,27.7,27.2,23.1,22.7,78,75,76,77,3.4,1.3,27.45,"AM","MANAUS","A101",-3.10361111,-60.01555555,48.79
171199,2021-02-23,07:00:00,0,1004.4,1004.5,1004.1,0,25.8,22.6,26.3,25.8,22.9,22.4,83,80,83,65,5.3,1.7,26.05,"AM","MANAUS","A101",-3.10361111,-60.01555555,48.79
171205,2021-02-23,13:00:00,0,1007.8,1007.8,1007.2,1592,27.2,22.1,27.8,26.6,23.1,22,78,73,73,67,8.6,3,27.2,"AM","MANAUS","A101",-3.10361111,-60.01555555,48.79
171211,2021-02-23,19:00:00,0,1002.7,1004,1002.6,2025,30,22.1,30.5,29.2,22.9,21.5,66,60,62,70,5.4,2,29.85,"AM","MANAUS","A101",-3.10361111,-60.01555555,48.79
171217,2021-02-24,01:00:00,0,1003.6,1003.6,1002.6,0,27.2,23,28.2,27,23.3,22.7,80,73,78,71,2.2,0.8,27.6,"AM","MANAUS","A101",-3.10361111,-60.01555555,48.79
171223,2021-02-24,07:00:00,0,1003.8,1004.2,1003.8,0,25.6,22.9,25.8,25.5,23.3,22.7,87,84,85,85,1.2,0.2,25.65,"AM","MANAUS","A101",-3.10361111,-60.01555555,48.79
171229,2021-02-24,13:00:00,0,1007.6,1007.6,1006.8,1012,28.5,23.6,28.5,27.5,23.7,22.2,76,71,75,49,4.5,2,28,"AM","MANAUS","A101",-3.10361111,-60.01555555,48.79
171235,2021-02-24,19:00:00,0,1001.7,1003.1,1001.7,1164,30.3,23,31.9,29.9,24.3,21.4,70,55,65,335,6,1.2,30.9,"AM","MANAUS","A101",-3.10361111,-60.01555555,48.79
171241,2021-02-25,01:00:00,0,1004,1004,1002.8,0,26,23.2,26.2,25.8,23.3,22.6,85,82,84,350,1.9,0.4,26,"AM","MANAUS","A101",-3.10361111,-60.01555555,48.79
171247,2021-02-25,07:00:00,0.2,1003.2,1003.2,1002.8,0,24.2,22.7,24.4,23.7,22.7,21.2,91,86,91,10,2,1,24.05,"AM","MANAUS","A101",-3.10361111,-60.01555555,48.79
171253,2021-02-25,13:00:00,0.6,1007.3,1007.3,1005.9,1049,26.9,23.8,27.5,25.9,24.1,23.2,89,79,83,318,3.4,0.6,26.7,"AM","MANAUS","A101",-3.10361111,-60.01555555,48.79
171259,2021-02-25,19:00:00,0,1002.6,1003.9,1002.6,1367,27.3,22.3,27.7,26.9,22.9,21.4,77,71,74,298,2.7,0.6,27.3,"AM","MANAUS","A101",-3.10361111,-60.01555555,48.79
171265,2021-02-26,01:00:00,0,1003.7,1003.7,1003.1,0,24.9,23,25,24.7,23,22.7,90,87,89,136,1.3,0.5,24.85,"AM","MANAUS","A101",-3.10361111,-60.01555555,48.79
171271,2021-02-26,07:00:00,0,1002.2,1002.3,1002.1,0,24.7,23,24.9,24.7,23.5,23,92,90,90,114,3.5,1.5,24.8,"AM","MANAUS","A101",-3.10361111,-60.01555555,48.79
171277,2021-02-26,13:00:00,0,1006,1006,1004.8,474,25.5,21.7,26,25.5,23.7,21.7,88,79,80,45,8.5,3.3,25.75,"AM","MANAUS","A101",-3.10361111,-60.01555555,48.79
171283,2021-02-26,19:00:00,0,1001.3,1002.4,1001.3,842,26.5,21.5,26.9,26.4,21.7,20.9,74,70,74,38,4.1,1.4,26.65,"AM","MANAUS","A101",-3.10361111,-60.01555555,48.79
171289,2021-02-27,01:00:00,0,1002.8,1002.8,1002,0,25.3,22.8,25.6,25.3,22.8,22.6,86,84,86,119,4,1.3,25.45,"AM","MANAUS","A101",-3.10361111,-60.01555555,48.79
171295,2021-02-27,07:00:00,0,1002.9,1003.3,1002.9,0,24.8,23.4,24.8,24.3,23.5,23.1,93,92,92,45,1.2,0.5,24.55,"AM","MANAUS","A101",-3.10361111,-60.01555555,48.79
171301,2021-02-27,13:00:00,0,1005.6,1005.6,1004.5,2009,28.4,22.4,28.8,27.5,23.7,22,76,69,70,52,6.3,2.7,28.15,"AM","MANAUS","A101",-3.10361111,-60.01555555,48.79
171307,2021-02-27,19:00:00,0,1000.5,1001.9,1000.5,1966,29.4,21.7,30.3,28.6,22.4,21.2,67,59,63,89,5,2.5,29.45,"AM","MANAUS","A101",-3.10361111,-60.01555555,48.79
171313,2021-02-28,01:00:00,0,1002.7,1002.7,1001.8,0,27.2,22,27.6,27,22.3,21.7,75,71,73,42,2.3,0.5,27.3,"AM","MANAUS","A101",-3.10361111,-60.01555555,48.79
171319,2021-02-28,07:00:00,5.8,1001.7,1002.3,1001.7,0,24.3,23.2,26.2,24.3,23.3,22.6,94,81,94,334,4.1,0.5,25.25,"AM","MANAUS","A101",-3.10361111,-60.01555555,48.79
171325,2021-02-28,13:00:00,4.8,1005.3,1005.3,1004.1,152,23.8,22.9,24.3,23.8,23.4,22.9,95,94,95,74,4,2,24.05,"AM","MANAUS","A101",-3.10361111,-60.01555555,48.79
171331,2021-02-28,19:00:00,0,1000.7,1001.9,1000.7,1408,27.5,23.3,27.6,26,24.9,22.6,87,77,78,54,4.3,1.9,26.8,"AM","MANAUS","A101",-3.10361111,-60.01555555,48.79
171337,2021-03-01,01:00:00,0,1002.1,1002.1,1001.1,0,24.9,23,25,24.8,23,22.6,89,87,89,341,1.4,0.4,24.9,"AM","MANAUS","A101",-3.10361111,-60.01555555,48.79
171343,2021-03-01,07:00:00,0,1000.5,1001.3,1000.5,0,23.8,22.6,24.6,23.8,23.2,22.6,93,90,93,25,3.9,0.4,24.2,"AM","MANAUS","A101",-3.10361111,-60.01555555,48.79
171349,2021-03-01,13:00:00,0,1003.9,1003.9,1003.3,511,25.6,22.8,25.6,24.9,22.8,22.3,88,84,84,43,3.8,1.4,25.25,"AM","MANAUS","A101",-3.10361111,-60.01555555,48.79
171355,2021-03-01,19:00:00,0,999.6,1000.5,999.6,982,28.5,21.8,29,28.2,22.4,20.8,70,62,67,41,7.5,1.5,28.6,"AM","MANAUS","A101",-3.10361111,-60.01555555,48.79
171361,2021-03-02,01:00:00,5.4,1002.2,1002.2,1001.2,0,24.7,23.2,26,24.7,24.2,23.2,92,89,91,42,5.9,1.8,25.35,"AM","MANAUS","A101",-3.10361111,-60.01555555,48.79
171367,2021-03-02,07:00:00,0,1001.6,1001.6,1001.4,0,24.6,23.6,24.6,24.3,23.8,23.5,95,94,94,91,3.8,1.4,24.45,"AM","MANAUS","A101",-3.10361111,-60.01555555,48.79
171373,2021-03-02,13:00:00,0,1005.2,1005.2,1004.4,373,24.7,22,24.8,23.9,23.1,21.7,93,83,85,58,1.6,0.8,24.35,"AM","MANAUS","A101",-3.10361111,-60.01555555,48.79
171379,2021-03-02,19:00:00,0,1001.3,1001.8,1001.3,1686,29.1,22,31.7,29.1,23.3,20.4,67,53,66,210,5,1.5,30.4,"AM","MANAUS","A101",-3.10361111,-60.01555555,48.79
171385,2021-03-03,01:00:00,0,1005.6,1005.6,1004.8,0,24,23,24,23.4,23.1,22.5,95,94,94,72,4.1,1.4,23.7,"AM","MANAUS","A101",-3.10361111,-60.01555555,48.79
171391,2021-03-03,07:00:00,0,1004.8,1005.1,1004.8,0,23.2,22.3,23.3,23.1,22.4,22.2,95,95,95,73,2,0.7,23.2,"AM","MANAUS","A101",-3.10361111,-60.01555555,48.79
171397,2021-03-03,13:00:00,0.4,1008.3,1008.3,1007.3,563,24.6,22.9,24.6,23.8,23,22.4,93,90,90,46,2.9,0.8,24.2,"AM","MANAUS","A101",-3.10361111,-60.01555555,48.79
171403,2021-03-03,19:00:00,1,1004.8,1005,1004.7,297,24.4,22.8,27.1,24.4,23.6,22.1,91,75,91,72,8.2,3.3,25.75,"AM","MANAUS","A101",-3.10361111,-60.01555555,48.79
171409,2021-03-04,01:00:00,0,1005.5,1005.5,1004.7,0,23.4,22.4,23.7,23.3,22.4,22.3,94,92,94,49,1.5,0.6,23.5,"AM","MANAUS","A101",-3.10361111,-60.01555555,48.79
171415,2021-03-04,07:00:00,0,1005.5,1005.9,1005.5,0,23.8,22.6,23.9,23.2,22.8,22.4,95,93,93,76,1.8,0.6,23.55,"AM","MANAUS","A101",-3.10361111,-60.01555555,48.79
171421,2021-03-04,13:00:00,0,1008.3,1008.3,1007.8,748,25.7,22.7,26.3,25.3,23.3,22.2,88,80,83,99,3.3,1.4,25.8,"AM","MANAUS","A101",-3.10361111,-60.01555555,48.79
171427,2021-03-04,19:00:00,0,1003.9,1004.5,1003.9,2224,27.8,22.5,28.3,26.3,23.8,21.7,82,69,73,57,4.8,2.1,27.3,"AM","MANAUS","A101",-3.10361111,-60.01555555,48.79
171433,2021-03-05,01:00:00,0,1004.4,1004.4,1003.4,0,24.8,23.3,25.5,24.8,23.3,22.8,91,86,91,333,1.3,0.3,25.15,"AM","MANAUS","A101",-3.10361111,-60.01555555,48.79
171439,2021-03-05,07:00:00,0,1003.5,1004.4,1003.5,0,24.1,23.2,24.3,24.1,23.3,23.1,94,94,94,48,0.8,0.2,24.2,"AM","MANAUS","A101",-3.10361111,-60.01555555,48.79
171445,2021-03-05,13:00:00,0,1006.5,1006.5,1006.2,1070,28.7,23.8,28.7,26.9,24.8,23.5,86,74,75,230,2.8,0.9,27.8,"AM","MANAUS","A101",-3.10361111,-60.01555555,48.79
171451,2021-03-05,19:00:00,0,1002.5,1003.7,1002.2,519,26.9,23,27.8,26.8,23.3,21.5,80,69,79,101,4.8,1.8,27.3,"AM","MANAUS","A101",-3.10361111,-60.01555555,48.79
171457,2021-03-06,01:00:00,0,1004.6,1004.6,1003.8,0,25.3,23.7,25.5,25.3,23.8,23.5,91,89,91,87,2.9,0.7,25.4,"AM","MANAUS","A101",-3.10361111,-60.01555555,48.79
171463,2021-03-06,07:00:00,0,1003.6,1004,1003.5,0,24.3,23.4,24.6,24.3,23.6,23.4,95,94,95,339,1.1,0.6,24.45,"AM","MANAUS","A101",-3.10361111,-60.01555555,48.79
171469,2021-03-06,13:00:00,0,1007.2,1007.2,1006.5,1036,27.5,22.9,28.5,26.3,24.2,22.7,86,73,76,3,1.7,0.7,27.4,"AM","MANAUS","A101",-3.10361111,-60.01555555,48.79
171475,2021-03-06,19:00:00,0,1003.6,1004.8,1003.6,506,24.7,22,24.7,24.5,23,21.7,91,85,85,83,7.5,2.8,24.6,"AM","MANAUS","A101",-3.10361111,-60.01555555,48.79
171481,2021-03-07,01:00:00,0,1004.7,1004.7,1003.7,0,24.7,22.7,24.8,24.7,22.7,22.2,89,86,89,104,4.1,0.8,24.75,"AM","MANAUS","A101",-3.10361111,-60.01555555,48.79
171487,2021-03-07,07:00:00,0,1004.1,1004.8,1004.1,0,23.4,22.6,23.4,23.2,22.6,22.4,95,95,95,279,1.3,0.5,23.3,"AM","MANAUS","A101",-3.10361111,-60.01555555,48.79
171493,2021-03-07,13:00:00,0,1007.7,1007.7,1007,1502,27.5,22.6,28.2,26.1,23.7,22.4,85,74,74,93,4.2,2.3,27.15,"AM","MANAUS","A101",-3.10361111,-60.01555555,48.79
171499,2021-03-07,19:00:00,0,1001.7,1003.1,1001.7,1661,30.5,21.8,31.5,30.2,23.1,21.8,63,57,60,93,4.8,2.1,30.85,"AM","MANAUS","A101",-3.10361111,-60.01555555,48.79
171505,2021-03-08,01:00:00,0,1004.1,1004.1,1003,0,26.9,22.7,27.4,26.8,23.1,22.7,80,76,78,76,2.1,0.6,27.1,"AM","MANAUS","A101",-3.10361111,-60.01555555,48.79
171511,2021-03-08,07:00:00,0,1003.5,1003.9,1003.5,0,26.4,23.6,26.4,25.9,23.6,23.1,86,83,84,74,1.6,0.8,26.15,"AM","MANAUS","A101",-3.10361111,-60.01555555,48.79
171517,2021-03-08,13:00:00,0,1007.2,1007.2,1006.1,675,26.1,23.5,26.4,25.6,23.8,23.2,89,84,85,28,4.6,1.3,26,"AM","MANAUS","A101",-3.10361111,-60.01555555,48.79
171523,2021-03-08,19:00:00,0.8,1004.2,1004.2,1003.6,753,25.3,23.9,26.2,25.2,24.9,23.6,94,90,92,5,3.3,0.8,25.7,"AM","MANAUS","A101",-3.10361111,-60.01555555,48.79
171529,2021-03-09,01:00:00,0,1005.2,1005.2,1004.2,0,23.9,22.9,24.2,23.8,23.3,22.8,95,94,94,340,2.5,0.5,24,"AM","MANAUS","A101",-3.10361111,-60.01555555,48.79
171535,2021-03-09,07:00:00,0,1004.3,1004.8,1004.3,0,24.7,23.8,24.7,24.4,23.8,23.5,95,95,95,196,2.3,0.9,24.55,"AM","MANAUS","A101",-3.10361111,-60.01555555,48.79
171541,2021-03-09,13:00:00,0,1006.8,1006.8,1006.3,1002,26.3,23.4,27,25.4,24.6,22.9,88,81,84,191,4.4,1.5,26.2,"AM","MANAUS","A101",-3.10361111,-60.01555555,48.79
171547,2021-03-09,19:00:00,0,1003.5,1003.9,1003.5,446,24.8,22.1,24.8,24.2,22.7,21.6,91,83,85,66,6.3,1.9,24.5,"AM","MANAUS","A101",-3.10361111,-60.01555555,48.79
171553,2021-03-10,01:00:00,0,1005.3,1005.3,1004.3,0,22.8,21.4,23,22.7,21.4,21.3,92,91,92,357,2.3,0.4,22.85,"AM","MANAUS","A101",-3.10361111,-60.01555555,48.79
171559,2021-03-10,07:00:00,0,1004.4,1004.4,1004.3,0,22.7,21.8,22.8,22.6,21.9,21.6,95,94,94,228,1,0.1,22.7,"AM","MANAUS","A101",-3.10361111,-60.01555555,48.79
171565,2021-03-10,13:00:00,0,1007.2,1007.2,1006.4,832,26.5,23,26.5,24.7,23.3,22.3,88,80,81,6,2.2,0.7,25.6,"AM","MANAUS","A101",-3.10361111,-60.01555555,48.79
171571,2021-03-10,19:00:00,14.4,1003.5,1003.7,1003.3,141,23.5,22.7,23.5,22.9,22.7,22.1,95,95,95,302,6,0.7,23.2,"AM","MANAUS","A101",-3.10361111,-60.01555555,48.79
171577,2021-03-11,01:00:00,2.2,1005.9,1005.9,1005,0,23.2,22.3,24.1,23.1,23.1,22.3,95,94,95,321,2.5,0.7,23.6,"AM","MANAUS","A101",-3.10361111,-60.01555555,48.79
171583,2021-03-11,07:00:00,1,1004.4,1004.5,1004.4,0,23.7,22.7,23.8,23.7,22.9,22.7,95,94,94,115,3.6,1.3,23.75,"AM","MANAUS","A101",-3.10361111,-60.01555555,48.79
171589,2021-03-11,13:00:00,0.2,1008.3,1008.3,1007.4,586,24.7,22.5,24.7,24.2,23,22.3,92,87,88,102,4.2,2.1,24.45,"AM","MANAUS","A101",-3.10361111,-60.01555555,48.79
171595,2021-03-11,19:00:00,0.2,1004.6,1006,1004.6,1952,27.3,22.5,27.6,25.7,24,21.6,87,71,75,71,4.5,1.5,26.65,"AM","MANAUS","A101",-3.10361111,-60.01555555,48.79
171601,2021-03-12,01:00:00,0,1004.7,1004.7,1003.8,0,24,22,24.3,23.8,22.2,21.9,90,87,89,351,1.5,0.4,24.05,"AM","MANAUS","A101",-3.10361111,-60.01555555,48.79
171607,2021-03-12,07:00:00,0,1005.3,1005.5,1005.3,0,23.5,22.3,23.6,23.4,22.5,22.2,94,93,93,61,2.3,1,23.5,"AM","MANAUS","A101",-3.10361111,-60.01555555,48.79
171613,2021-03-12,13:00:00,0,1009,1009,1008.5,939,26.3,22.7,26.3,24.7,23.7,22.7,93,81,81,103,4.5,1.9,25.5,"AM","MANAUS","A101",-3.10361111,-60.01555555,48.79
171619,2021-03-12,19:00:00,0,1002.9,1004.5,1002.9,2834,30.4,20.1,30.7,29.5,21.7,19.1,61,51,54,167,5.3,1.8,30.1,"AM","MANAUS","A101",-3.10361111,-60.01555555,48.79
171625,2021-03-13,01:00:00,0,1005.5,1005.5,1004.8,0,25.6,22.5,26.1,25.5,23.1,22.5,85,80,83,14,2.1,0.5,25.8,"AM","MANAUS","A101",-3.10361111,-60.01555555,48.79
171631,2021-03-13,07:00:00,0,1005.1,1005.9,1005.1,0,24.5,22.9,24.9,24.5,23,22.8,91,90,90,295,3,1.1,24.7,"AM","MANAUS","A101",-3.10361111,-60.01555555,48.79
171637,2021-03-13,13:00:00,5.6,1009.2,1009.2,1008.3,72,23.5,22.7,23.6,23.4,22.7,22.6,95,95,95,45,2.5,0.4,23.5,"AM","MANAUS","A101",-3.10361111,-60.01555555,48.79
171643,2021-03-13,19:00:00,0,1004.2,1005.5,1004.2,2298,30,22.2,30,28.5,22.9,21.3,71,63,63,245,4.2,1.4,29.25,"AM","MANAUS","A101",-3.10361111,-60.01555555,48.79
171649,2021-03-14,01:00:00,0,1006,1006,1005.5,0,26.4,22.3,26.8,26.3,22.9,22.3,81,77,79,262,2.7,0.7,26.55,"AM","MANAUS","A101",-3.10361111,-60.01555555,48.79
171655,2021-03-14,07:00:00,0,1004.8,1005.1,1004.7,0,24.7,23.3,24.7,24.4,23.3,23.1,93,92,92,52,2.2,1,24.55,"AM","MANAUS","A101",-3.10361111,-60.01555555,48.79
171661,2021-03-14,13:00:00,0.2,1008.6,1008.6,1007.9,977,26.4,23.1,26.9,25.3,24.2,23.1,90,81,82,138,1.7,0.7,26.1,"AM","MANAUS","A101",-3.10361111,-60.01555555,48.79
171667,2021-03-14,19:00:00,0.2,1002.7,1003.7,1002.7,1485,30,22.8,31.1,28.9,24.5,21.7,77,62,65,169,3.5,1.2,30,"AM","MANAUS","A101",-3.10361111,-60.01555555,48.79
171673,2021-03-15,01:00:00,0.2,1005.2,1005.2,1004.2,0,25.3,23.4,25.5,24.7,23.8,23.3,92,89,89,128,1.6,0.6,25.1,"AM","MANAUS","A101",-3.10361111,-60.01555555,48.79
171679,2021-03-15,07:00:00,0,1004.9,1005.1,1004.8,0,25.4,23.8,25.5,25.4,23.8,23.4,91,89,91,123,3.1,1.2,25.45,"AM","MANAUS","A101",-3.10361111,-60.01555555,48.79
171685,2021-03-15,13:00:00,0,1007.4,1007.4,1006.9,1586,28.8,23.9,29.4,27.6,24.6,22.7,81,71,75,60,3.5,1.1,28.5,"AM","MANAUS","A101",-3.10361111,-60.01555555,48.79
171691,2021-03-15,19:00:00,0,1002.2,1003,1002.2,696,28.1,22.2,28.1,25.8,23.2,22.2,84,70,70,70,4.1,1.6,26.95,"AM","MANAUS","A101",-3.10361111,-60.01555555,48.79
171697,2021-03-16,01:00:00,0,1004.2,1004.2,1003.8,0,26.6,24.1,27.5,26.6,24.2,23.8,86,81,86,263,2.8,0.9,27.05,"AM","MANAUS","A101",-3.10361111,-60.01555555,48.79
171703,2021-03-16,07:00:00,0,1003,1003.6,1003,0,25.5,24.3,25.8,25.4,24.6,24.2,94,93,93,232,3.7,1.5,25.6,"AM","MANAUS","A101",-3.10361111,-60.01555555,48.79
171709,2021-03-16,13:00:00,0,1006.3,1006.3,1006.1,1783,27.9,23.9,28.3,26.8,24.4,22.9,84,76,79,234,4.9,1.5,27.55,"AM","MANAUS","A101",-3.10361111,-60.01555555,48.79
171715,2021-03-16,19:00:00,0,1001.5,1002.4,1001.5,2394,31.5,21.7,32,30.1,23.6,21.5,64,55,56,68,6.2,2.3,31.05,"AM","MANAUS","A101",-3.10361111,-60.01555555,48.79
171721,2021-03-17,01:00:00,0,1003.4,1003.4,1002.3,0,26,22.6,26.7,26,23,22.6,83,79,82,42,4.5,1.3,26.35,"AM","MANAUS","A101",-3.10361111,-60.01555555,48.79
171727,2021-03-17,07:00:00,0,1002.7,1002.8,1002.6,0,24,21.8,24.3,23.8,21.9,21.2,88,84,87,350,1,0.2,24.05,"AM","MANAUS","A101",-3.10361111,-60.01555555,48.79
171733,2021-03-17,13:00:00,0,1006.2,1006.2,1006,1276,27.5,22.6,28.7,26.4,23.5,22.3,80,70,75,41,3.9,0.8,27.55,"AM","MANAUS","A101",-3.10361111,-60.01555555,48.79
171739,2021-03-17,19:00:00,0,1000.9,1001.7,1000.9,1649,30.6,23,30.6,28.8,23.5,21.5,68,63,64,41,7,1.2,29.7,"AM","MANAUS","A101",-3.10361111,-60.01555555,48.79
171745,2021-03-18,01:00:00,0,1003.9,1003.9,1003.1,0,27,24,27.4,27,24.2,23.8,84,81,84,246,3.7,1.9,27.2,"AM","MANAUS","A101",-3.10361111,-60.01555555,48.79
171751,2021-03-18,07:00:00,11.2,1004,1004.6,1003.9,0,21.6,20.8,21.6,21.3,20.8,20.5,95,95,95,341,5.5,0.7,21.45,"AM","MANAUS","A101",-3.10361111,-60.01555555,48.79
171757,2021-03-18,13:00:00,0.4,1006.9,1006.9,1006.6,198,23.1,22.3,23.3,22.8,22.5,22,95,95,95,308,2.1,0.7,23.05,"AM","MANAUS","A101",-3.10361111,-60.01555555,48.79
171763,2021-03-18,19:00:00,0,1004,1005,1004,804,26,23.4,26.4,25.9,24.2,23,89,83,86,256,4.6,1.7,26.15,"AM","MANAUS","A101",-3.10361111,-60.01555555,48.79
171769,2021-03-19,01:00:00,0,1003.8,1003.8,1003.4,0,23.6,22.7,23.9,23.5,22.7,22.5,95,93,95,218,1.1,0.3,23.7,"AM","MANAUS","A101",-3.10361111,-60.01555555,48.79
171775,2021-03-19,07:00:00,0,1002.9,1003.2,1002.9,0,23.8,22.9,23.8,23.6,23,22.5,95,94,95,91,0.9,0.4,23.7,"AM","MANAUS","A101",-3.10361111,-60.01555555,48.79
171781,2021-03-19,13:00:00,0,1006.2,1006.2,1005.7,884,26.1,22.9,26.1,25.4,23.5,22.6,88,82,82,114,3.8,1.7,25.75,"AM","MANAUS","A101",-3.10361111,-60.01555555,48.79
171787,2021-03-19,19:00:00,12.4,1002,1002.8,1002,439,25.3,24.1,28.2,25,24.4,22,94,73,93,272,5.4,1.3,26.6,"AM","MANAUS","A101",-3.10361111,-60.01555555,48.79
171793,2021-03-20,01:00:00,0,1003.1,1003.1,1002.4,0,25.7,22.4,26.1,25.7,23.2,22.4,84,82,82,69,3.9,1.8,25.9,"AM","MANAUS","A101",-3.10361111,-60.01555555,48.79
171799,2021-03-20,07:00:00,0,1002.8,1003.1,1002.8,0,24.2,22,24.4,24,22.2,22,89,87,88,72,3,1.6,24.2,"AM","MANAUS","A101",-3.10361111,-60.01555555,48.79
171805,2021-03-20,13:00:00,0,1006.3,1006.3,1005.9,1981,28,22.7,28,26.6,23.4,22.2,81,71,73,73,6.4,3.1,27.3,"AM","MANAUS","A101",-3.10361111,-60.01555555,48.79
171811,2021-03-20,19:00:00,0,1002.2,1003,1002.2,1954,31.3,20.8,32.9,31,22,19.7,56,48,54,59,5.3,1.8,31.95,"AM","MANAUS","A101",-3.10361111,-60.01555555,48.79
171817,2021-03-21,01:00:00,0,1006.9,1006.9,1006.2,0,23.4,22.7,23.4,23.1,22.7,22.3,96,95,96,244,6.8,2.3,23.25,"AM","MANAUS","A101",-3.10361111,-60.01555555,48.79
171823,2021-03-21,07:00:00,0,1003.8,1004.4,1003.8,0,23.5,22.2,23.6,23.5,22.2,22,92,91,92,123,4,1.3,23.55,"AM","MANAUS","A101",-3.10361111,-60.01555555,48.79
171829,2021-03-21,13:00:00,0,1007.8,1007.8,1006.7,1100,26.8,22.7,26.8,24.9,22.8,22.1,85,77,78,83,4.5,2.5,25.85,"AM","MANAUS","A101",-3.10361111,-60.01555555,48.79
171835,2021-03-21,19:00:00,0,1003.8,1005,1003.8,1115,27.1,23.4,27.1,24,23.9,22.5,92,80,80,63,4.4,1.7,25.55,"AM","MANAUS","A101",-3.10361111,-60.01555555,48.79
171841,2021-03-22,01:00:00,0,1006.1,1006.1,1004.6,0,24.4,22.8,24.7,24.4,23,22.7,91,89,91,58,2.5,0.9,24.55,"AM","MANAUS","A101",-3.10361111,-60.01555555,48.79
171847,2021-03-22,07:00:00,0,1004.7,1005.2,1004.7,0,23.5,21.9,23.7,23.4,22,21.7,91,90,91,53,2.2,0.9,23.55,"AM","MANAUS","A101",-3.10361111,-60.01555555,48.79
171853,2021-03-22,13:00:00,0,1007.1,1007.1,1006.6,1997,28.4,21.7,28.9,26.7,22.8,21.2,78,66,67,74,4.2,2.2,27.8,"AM","MANAUS","A101",-3.10361111,-60.01555555,48.79
171859,2021-03-22,19:00:00,0,1000.8,1001.9,1000.8,1331,30,21.3,32.2,29.9,22.6,20.4,61,50,60,62,5.4,1.8,31.05,"AM","MANAUS","A101",-3.10361111,-60.01555555,48.79
171865,2021-03-23,01:00:00,0,1004.6,1004.6,1003.2,0,27.2,22.6,27.6,27,22.7,22.2,76,73,76,82,2.1,0.9,27.3,"AM","MANAUS","A101",-3.10361111,-60.01555555,48.79
171871,2021-03-23,07:00:00,0,1003.6,1004.1,1003.6,0,23.9,20.8,25.6,23.9,22.8,20.7,85,79,83,81,8.5,2.8,24.75,"AM","MANAUS","A101",-3.10361111,-60.01555555,48.79
171877,2021-03-23,13:00:00,0.6,1007,1007,1006.8,498,25,23,25.1,23.4,23.2,22.3,94,89,89,48,6.3,0.8,24.25,"AM","MANAUS","A101",-3.10361111,-60.01555555,48.79
171883,2021-03-23,19:00:00,0,1002.4,1002.7,1002.1,718,28.2,23.5,29.9,28.2,23.9,22.4,76,64,76,296,3.4,1.1,29.05,"AM","MANAUS","A101",-3.10361111,-60.01555555,48.79
171889,2021-03-24,01:00:00,0,1006.3,1006.3,1005.2,0,25,23.6,25.2,24.9,23.8,23.5,92,91,92,310,2.4,0.9,25.05,"AM","MANAUS","A101",-3.10361111,-60.01555555,48.79
171895,2021-03-24,07:00:00,20.4,1006.3,1006.3,1005.6,0,22.7,21.8,23.4,22.5,22.6,21.4,95,94,95,119,4.6,2.4,22.95,"AM","MANAUS","A101",-3.10361111,-60.01555555,48.79
171901,2021-03-24,13:00:00,0,1009,1009,1008.2,636,25.2,22.1,25.2,23.7,23.2,22.1,94,83,83,337,3.6,0.7,24.45,"AM","MANAUS","A101",-3.10361111,-60.01555555,48.79
171907,2021-03-24,19:00:00,0,1004.3,1005.4,1004.3,291,26.5,22.7,28.3,26.3,22.9,22,81,71,79,96,5.1,1.6,27.3,"AM","MANAUS","A101",-3.10361111,-60.01555555,48.79
171913,2021-03-25,01:00:00,0,1005.8,1005.8,1004.2,0,25.8,22.9,25.9,25.6,23,22.7,85,83,84,77,2.3,1.3,25.75,"AM","MANAUS","A101",-3.10361111,-60.01555555,48.79
171919,2021-03-25,07:00:00,0,1005.4,1005.7,1005.3,0,24.5,22.5,24.6,24.5,22.7,22.5,89,88,89,71,3.5,1.4,24.55,"AM","MANAUS","A101",-3.10361111,-60.01555555,48.79
171925,2021-03-25,13:00:00,0,1008.6,1008.6,1008,780,26.8,22.1,26.9,25.4,23.2,21.7,83,74,75,42,2.6,0.7,26.15,"AM","MANAUS","A101",-3.10361111,-60.01555555,48.79
171931,2021-03-25,19:00:00,0,1003.5,1004.9,1003.5,1628,30.9,22.6,30.9,29.6,23,21.2,65,58,62,127,5.4,1.2,30.25,"AM","MANAUS","A101",-3.10361111,-60.01555555,48.79
171937,2021-03-26,01:00:00,0,1005.9,1005.9,1004.7,0,26.7,23,27.3,26.7,23.1,22.6,80,76,80,69,5,1.4,27,"AM","MANAUS","A101",-3.10361111,-60.01555555,48.79
171943,2021-03-26,07:00:00,0,1004.5,1004.9,1004.5,0,24.9,22.3,25.3,24.9,22.6,22.3,86,84,86,65,3,1.4,25.1,"AM","MANAUS","A101",-3.10361111,-60.01555555,48.79
171949,2021-03-26,13:00:00,0,1006.9,1006.9,1006.4,1985,28.7,21.3,28.8,27,23.6,21,76,64,64,77,5,2.4,27.9,"AM","MANAUS","A101",-3.10361111,-60.01555555,48.79
171955,2021-03-26,19:00:00,0,1000.9,1002.1,1000.9,3082,33.4,19.8,33.8,32,21.5,18.5,52,41,45,186,5,2,32.9,"AM","MANAUS","A101",-3.10361111,-60.01555555,48.79
171961,2021-03-27,01:00:00,0,1005.3,1005.4,1004.3,0,26.1,22.5,26.9,26.1,22.5,22,80,75,80,8,4.4,1,26.5,"AM","MANAUS","A101",-3.10361111,-60.01555555,48.79
171967,2021-03-27,07:00:00,0,1003.6,1004.1,1003.6,0,24.7,23.6,24.7,24.4,23.8,23.5,95,94,94,73,1.9,0.8,24.55,"AM","MANAUS","A101",-3.10361111,-60.01555555,48.79
171973,2021-03-27,13:00:00,0,1005.9,1005.9,1005.3,2063,29.2,22.8,29.4,27.6,24.2,22.4,78,67,69,77,5.6,3,28.5,"AM","MANAUS","A101",-3.10361111,-60.01555555,48.79
171979,2021-03-27,19:00:00,0,1000.5,1001.5,1000.5,1613,29.7,21.8,30,28.4,24.3,21.4,77,60,63,69,4.5,2,29.2,"AM","MANAUS","A101",-3.10361111,-60.01555555,48.79
171985,2021-03-28,01:00:00,0,1003.9,1003.9,1003.2,0,26.5,22.5,26.8,26,22.6,22,80,75,78,52,3.1,1.3,26.4,"AM","MANAUS","A101",-3.10361111,-60.01555555,48.79
171991,2021-03-28,07:00:00,0,1003,1003.5,1003,0,25.2,23,25.3,24.6,23.4,22.8,92,86,87,102,1.7,0.5,24.95,"AM","MANAUS","A101",-3.10361111,-60.01555555,48.79
171997,2021-03-28,13:00:00,0,1006.3,1006.3,1006,871,27.6,23.6,27.7,26.2,24.2,23.3,87,79,79,121,4.2,1.5,26.95,"AM","MANAUS","A101",-3.10361111,-60.01555555,48.79
172003,2021-03-28,19:00:00,6.8,1003.1,1003.1,1002,203,24.5,23.1,29.5,24.5,23.7,22.8,93,67,92,62,5.8,2.4,27,"AM","MANAUS","A101",-3.10361111,-60.01555555,48.79
172009,2021-03-29,01:00:00,0,1003.4,1003.4,1002.1,0,24.6,23.6,24.8,24.5,23.8,23.4,94,94,94,113,1.3,0.5,24.65,"AM","MANAUS","A101",-3.10361111,-60.01555555,48.79
172015,2021-03-29,07:00:00,0,1003.2,1003.3,1003.2,0,24.8,23.9,25,24.7,24,23.8,95,94,95,329,0.9,0.4,24.85,"AM","MANAUS","A101",-3.10361111,-60.01555555,48.79
172021,2021-03-29,13:00:00,0,1006.4,1006.5,1005.6,354,26.6,24.6,27.6,26.5,24.9,23.7,89,83,89,206,2.6,0.9,27.05,"AM","MANAUS","A101",-3.10361111,-60.01555555,48.79
172027,2021-03-29,19:00:00,0.4,1001.9,1003,1001.9,818,27.3,22.4,27.5,26.4,24.2,22.3,86,73,75,43,8.4,1.9,26.95,"AM","MANAUS","A101",-3.10361111,-60.01555555,48.79
172033,2021-03-30,01:00:00,0,1003.9,1003.9,1002.5,0,26,24.2,26.5,26,24.2,23.8,90,85,90,278,2.6,0.8,26.25,"AM","MANAUS","A101",-3.10361111,-60.01555555,48.79
172039,2021-03-30,07:00:00,0,1003.3,1003.9,1003.3,0,25.3,23.9,25.3,25.1,23.9,23.6,93,92,92,288,2.2,0.7,25.2,"AM","MANAUS","A101",-3.10361111,-60.01555555,48.79
172045,2021-03-30,13:00:00,0.4,1006.4,1006.4,1005.5,656,26.1,24.7,26.1,24.5,24.8,23.6,95,92,92,283,2.4,0.9,25.3,"AM","MANAUS","A101",-3.10361111,-60.01555555,48.79
172051,2021-03-30,19:00:00,0.2,1002.5,1003.7,1002.5,205,24.6,23.6,24.6,24.3,23.7,23.4,95,94,95,285,2.4,0.7,24.45,"AM","MANAUS","A101",-3.10361111,-60.01555555,48.79
172057,2021-03-31,01:00:00,0,1004.4,1004.4,1002.9,0,24,23.2,24.1,24,23.3,23.1,95,95,95,176,0.8,0.4,24.05,"AM","MANAUS","A101",-3.10361111,-60.01555555,48.79
172063,2021-03-31,07:00:00,0,1003.1,1003.4,1003,0,24.2,23.4,24.2,24.1,23.4,23.3,95,95,95,47,1,0.3,24.15,"AM","MANAUS","A101",-3.10361111,-60.01555555,48.79
172069,2021-03-31,13:00:00,0,1006.7,1006.7,1006.1,440,24,22.7,24,22.8,22.9,22.1,96,92,92,191,3,1.1,23.4,"AM","MANAUS","A101",-3.10361111,-60.01555555,48.79
172075,2021-03-31,19:00:00,0,1001.2,1002.7,1001.2,1126,27,22.5,27.1,25.6,23.3,22.2,84,76,76,262,4.1,1.7,26.35,"AM","MANAUS","A101",-3.10361111,-60.01555555,48.79
172081,2021-04-01,01:00:00,0,1004,1004,1003,0,25.4,23.5,25.4,24.5,23.8,23.1,92,89,89,208,2.3,1,24.95,"AM","MANAUS","A101",-3.10361111,-60.01555555,48.79
172087,2021-04-01,07:00:00,0,1002.6,1003,1002.5,0,23.9,23,24.6,23.9,23.5,23,95,94,95,265,1.5,0.3,24.25,"AM","MANAUS","A101",-3.10361111,-60.01555555,48.79
172093,2021-04-01,13:00:00,0,1005.5,1005.5,1004.5,370,25.4,23.1,25.5,25,23.6,22.7,91,86,87,166,3.4,1.4,25.25,"AM","MANAUS","A101",-3.10361111,-60.01555555,48.79
172099,2021-04-01,19:00:00,0,1001.4,1002.2,1001.4,1749,29,22.8,29.5,28,23.9,22,75,67,69,105,5.2,1.4,28.75,"AM","MANAUS","A101",-3.10361111,-60.01555555,48.79
172105,2021-04-02,01:00:00,0,1003.5,1003.5,1002.4,0,26.5,23.4,26.8,26.4,23.5,23.1,83,80,83,87,4.1,2.1,26.6,"AM","MANAUS","A101",-3.10361111,-60.01555555,48.79
172111,2021-04-02,07:00:00,0,1002.7,1003,1002.6,0,24.2,22.7,24.2,24,22.8,22.5,92,91,91,49,3.2,1.4,24.1,"AM","MANAUS","A101",-3.10361111,-60.01555555,48.79
172117,2021-04-02,13:00:00,0,1006.3,1006.4,1005.8,1607,27.9,22.8,27.9,25.1,23,22.2,86,73,74,74,4.5,2.1,26.5,"AM","MANAUS","A101",-3.10361111,-60.01555555,48.79
172123,2021-04-02,19:00:00,0,1001.3,1002.4,1001.3,2224,31.5,22.8,32.2,30.6,23.1,21,62,53,60,106,5.1,1.6,31.4,"AM","MANAUS","A101",-3.10361111,-60.01555555,48.79
172129,2021-04-03,01:00:00,0,1003.4,1003.4,1002.5,0,26.6,22.5,26.8,26.5,22.5,22.2,79,76,79,41,4.1,1.3,26.65,"AM","MANAUS","A101",-3.10361111,-60.01555555,48.79
172135,2021-04-03,07:00:00,0,1003.1,1003.8,1003.1,0,25,21.8,25.3,25,22.2,21.6,84,81,82,61,4.5,0.9,25.15,"AM","MANAUS","A101",-3.10361111,-60.01555555,48.79
172141,2021-04-03,13:00:00,0,1005.7,1005.7,1005.2,1801,29,22.2,29.4,27.4,23.1,21.9,75,66,67,78,4.8,1.9,28.4,"AM","MANAUS","A101",-3.10361111,-60.01555555,48.79
172147,2021-04-03,19:00:00,0,1000.6,1001.4,1000.6,1386,29.3,23.5,32.1,29,23.6,21,72,53,71,78,7.5,2.2,30.55,"AM","MANAUS","A101",-3.10361111,-60.01555555,48.79
172153,2021-04-04,01:00:00,0,1004.4,1004.4,1002.8,0,25.7,23.1,26.3,25.7,23.1,22.6,85,81,85,344,2.1,0.6,26,"AM","MANAUS","A101",-3.10361111,-60.01555555,48.79
172159,2021-04-04,07:00:00,0,1002.9,1003,1002.7,0,25.4,23.7,26.1,25.3,23.8,23.4,90,86,90,106,1.6,0.4,25.7,"AM","MANAUS","A101",-3.10361111,-60.01555555,48.79
172165,2021-04-04,13:00:00,0,1005.8,1005.8,1005,1016,28.4,23.9,28.4,27,25,23.5,83,77,77,120,3.2,1.3,27.7,"AM","MANAUS","A101",-3.10361111,-60.01555555,48.79
172171,2021-04-04,19:00:00,0,999.8,1001.2,999.8,2719,32.2,20.3,32.8,31.7,22,20.2,54,48,50,80,8.7,4.1,32.25,"AM","MANAUS","A101",-3.10361111,-60.01555555,48.79
172177,2021-04-05,01:00:00,0,1002.9,1002.9,1001.5,0,27.2,22.2,27.5,27.1,22.2,21.9,74,71,74,38,2.8,1.1,27.3,"AM","MANAUS","A101",-3.10361111,-60.01555555,48.79
172183,2021-04-05,07:00:00,0,1002.2,1002.4,1002.2,0,25.2,22.8,25.4,24.9,23.2,22.8,89,86,86,348,0.8,0.5,25.15,"AM","MANAUS","A101",-3.10361111,-60.01555555,48.79
172189,2021-04-05,13:00:00,0,1006,1006.2,1005.5,1621,30.6,23,30.9,29.4,23.9,21.8,72,61,64,63,3.5,1,30.15,"AM","MANAUS","A101",-3.10361111,-60.01555555,48.79
172195,2021-04-05,19:00:00,0,1001.4,1002,1001,1126,28.4,21.9,31.4,28.4,23.3,21.7,69,58,68,81,7.8,2.7,29.9,"AM","MANAUS","A101",-3.10361111,-60.01555555,48.79
172201,2021-04-06,01:00:00,0,1004.4,1004.4,1003.7,0,25,22.8,25.2,24.9,22.8,22.6,88,86,87,52,2.5,0.5,25.05,"AM","MANAUS","A101",-3.10361111,-60.01555555,48.79
172207,2021-04-06,07:00:00,0,1003.5,1003.8,1003.5,0,24.1,22.4,24.4,24,22.6,22.3,91,89,90,353,1.3,0.6,24.2,"AM","MANAUS","A101",-3.10361111,-60.01555555,48.79
172213,2021-04-06,13:00:00,0,1006.8,1006.8,1006.4,863,27.4,22.9,27.7,26.2,23.6,22.4,83,75,76,281,1.9,0.8,26.95,"AM","MANAUS","A101",-3.10361111,-60.01555555,48.79
172219,2021-04-06,19:00:00,0,1002.1,1003.2,1002.1,1805,30.5,22.8,31.3,28.8,24.1,21,73,55,64,16,8.1,1,30.05,"AM","MANAUS","A101",-3.10361111,-60.01555555,48.79
172225,2021-04-07,01:00:00,0,1004.2,1004.2,1003.1,0,27.4,23.9,28,27,24,22.5,81,73,81,232,2.2,1,27.5,"AM","MANAUS","A101",-3.10361111,-60.01555555,48.79
172231,2021-04-07,07:00:00,0,1003,1003.3,1002.9,0,25.4,24.2,25.7,25.2,24.5,24,93,92,93,331,1.3,0.3,25.45,"AM","MANAUS","A101",-3.10361111,-60.01555555,48.79
172237,2021-04-07,13:00:00,0,1006.3,1006.5,1006,1994,29.9,24.3,30,27.6,24.4,23.3,80,70,72,297,4.1,1.4,28.8,"AM","MANAUS","A101",-3.10361111,-60.01555555,48.79
172243,2021-04-07,19:00:00,0,1001.5,1003,1001.5,2128,31.1,22.3,31.3,29.2,23.1,21.4,66,57,60,243,5.5,1.5,30.25,"AM","MANAUS","A101",-3.10361111,-60.01555555,48.79
172249,2021-04-08,01:00:00,0,1003.7,1003.7,1002.9,0,27,23.4,27.9,27,23.5,23.3,81,76,81,282,4.1,0.9,27.45,"AM","MANAUS","A101",-3.10361111,-60.01555555,48.79
172255,2021-04-08,07:00:00,0,1003.3,1003.9,1003.3,0,25.7,24,26.5,25.7,24,23.8,90,86,90,245,2.3,0.7,26.1,"AM","MANAUS","A101",-3.10361111,-60.01555555,48.79
172261,2021-04-08,13:00:00,0,1006.5,1006.5,1005.9,1515,29,23.6,29.6,28,25.1,23.5,81,71,73,226,3.7,1.6,28.8,"AM","MANAUS","A101",-3.10361111,-60.01555555,48.79
172267,2021-04-08,19:00:00,0,1001.3,1003.2,1001.3,2302,32.6,22.1,32.6,30.2,23,21,63,51,54,11,3.3,0.8,31.4,"AM","MANAUS","A101",-3.10361111,-60.01555555,48.79
172273,2021-04-09,01:00:00,0,1003.5,1003.5,1002.4,0,28.5,23.4,29.1,28.3,23.8,23.3,74,72,74,62,2,0.8,28.7,"AM","MANAUS","A101",-3.10361111,-60.01555555,48.79
172279,2021-04-09,07:00:00,0,1003.6,1004.1,1003.6,0,25.5,23.4,25.9,25.5,23.8,23.4,89,88,88,21,1.3,0.4,25.7,"AM","MANAUS","A101",-3.10361111,-60.01555555,48.79
172285,2021-04-09,13:00:00,0,1006.9,1007,1006.4,1681,30.3,23.3,30.4,28.3,24.1,22.8,75,66,66,326,3.5,1.3,29.35,"AM","MANAUS","A101",-3.10361111,-60.01555555,48.79
172291,2021-04-09,19:00:00,0,1003.4,1004.8,1003.4,519,26.2,22.3,26.3,25.2,22.9,22,86,79,79,347,1.8,0.6,25.75,"AM","MANAUS","A101",-3.10361111,-60.01555555,48.79
172297,2021-04-10,01:00:00,0,1003.8,1003.8,1003,0,25.1,23.4,25.5,25.1,23.6,23.3,90,88,90,349,1.3,0.4,25.3,"AM","MANAUS","A101",-3.10361111,-60.01555555,48.79
172303,2021-04-10,07:00:00,0,1003.6,1004,1003.6,0,24.7,23.6,25,24.7,23.8,23.6,94,93,94,256,1.1,0.5,24.85,"AM","MANAUS","A101",-3.10361111,-60.01555555,48.79
172309,2021-04-10,13:00:00,0,1006.3,1006.4,1006,1247,28.5,24.1,29.3,27.9,25,23.6,82,73,77,259,4,1.2,28.6,"AM","MANAUS","A101",-3.10361111,-60.01555555,48.79
172315,2021-04-10,19:00:00,0,1000.8,1001.7,1000.8,1932,31.1,23.5,32.3,30.8,23.9,21.8,65,57,64,248,5.5,2.2,31.55,"AM","MANAUS","A101",-3.10361111,-60.01555555,48.79
172321,2021-04-11,01:00:00,0,1003.6,1003.6,1002.9,0,26.8,23.3,27.8,26.8,23.5,23.2,81,77,81,48,4.9,1.1,27.3,"AM","MANAUS","A101",-3.10361111,-60.01555555,48.79
172327,2021-04-11,07:00:00,0,1003,1003.3,1003,0,25.4,22.9,25.9,25.4,23.4,22.9,87,86,86,108,4.6,1.7,25.65,"AM","MANAUS","A101",-3.10361111,-60.01555555,48.79
172333,2021-04-11,13:00:00,0,1006.6,1006.6,1005.9,1329,28.7,23.6,28.7,27,23.9,22.7,80,73,74,7,2.4,0.9,27.85,"AM","MANAUS","A101",-3.10361111,-60.01555555,48.79
172339,2021-04-11,19:00:00,0,1001.6,1002.7,1001.6,951,29.9,23.4,31.5,29.6,23.7,21.5,71,56,69,269,3.5,1.5,30.55,"AM","MANAUS","A101",-3.10361111,-60.01555555,48.79
172345,2021-04-12,01:00:00,2.4,1006.1,1006.1,1004.7,0,24.6,23,25.1,24.1,23.9,23,94,90,90,64,6,2.5,24.6,"AM","MANAUS","A101",-3.10361111,-60.01555555,48.79
172351,2021-04-12,07:00:00,0,1004.9,1005.2,1004.9,0,24.2,23.2,24.4,24.2,23.3,23.1,94,93,94,74,0.7,0.3,24.3,"AM","MANAUS","A101",-3.10361111,-60.01555555,48.79
172357,2021-04-12,13:00:00,0,1006.9,1006.9,1006,1383,28.5,23.7,28.5,26.9,24.4,23.2,83,75,75,193,4,1.5,27.7,"AM","MANAUS","A101",-3.10361111,-60.01555555,48.79
172363,2021-04-12,19:00:00,0,1002.1,1003.3,1002.1,1779,32.2,22,32.2,31.1,22.5,20.8,59,53,55,79,6.3,3,31.65,"AM","MANAUS","A101",-3.10361111,-60.01555555,48.79
172369,2021-04-13,01:00:00,0,1004.7,1004.7,1004,0,27.7,23.9,28.7,27.7,23.9,23.2,80,72,80,42,1.7,0.7,28.2,"AM","MANAUS","A101",-3.10361111,-60.01555555,48.79
172375,2021-04-13,07:00:00,0,1003.9,1004.2,1003.8,0,26.2,23.9,26.4,25.6,24.1,23.7,90,86,87,124,2,0.8,26,"AM","MANAUS","A101",-3.10361111,-60.01555555,48.79
172381,2021-04-13,13:00:00,0,1007,1007,1006.4,885,28.9,24.3,29,27.7,24.9,23.8,82,74,76,77,2.5,1.1,28.35,"AM","MANAUS","A101",-3.10361111,-60.01555555,48.79
172387,2021-04-13,19:00:00,0,1001,1003.1,1001,931,29.4,24.1,29.4,28.7,24.1,22.7,74,69,74,85,3.4,1.3,29.05,"AM","MANAUS","A101",-3.10361111,-60.01555555,48.79
172393,2021-04-14,01:00:00,0,1004.9,1004.9,1003.1,0,26.4,23.9,27.6,26.4,24.4,23.8,86,82,86,86,2.6,0.3,27,"AM","MANAUS","A101",-3.10361111,-60.01555555,48.79
172399,2021-04-14,07:00:00,0,1004.6,1004.8,1004.5,0,24.5,22.5,24.5,24.3,22.6,22.5,90,89,89,112,4.1,1,24.4,"AM","MANAUS","A101",-3.10361111,-60.01555555,48.79
172405,2021-04-14,13:00:00,0,1007.4,1007.5,1006.5,1089,26.7,22.5,26.8,25,23.4,22.5,89,77,77,50,2.1,0.9,25.9,"AM","MANAUS","A101",-3.10361111,-60.01555555,48.79
172411,2021-04-14,19:00:00,0,1002.8,1004.1,1002.8,1127,28.8,22.9,30.1,28.8,22.9,21.2,71,59,71,19,5.3,1.1,29.45,"AM","MANAUS","A101",-3.10361111,-60.01555555,48.79
172417,2021-04-15,01:00:00,0,1004.9,1004.9,1003.9,0,26.1,24.2,26.6,26,24.2,24,89,86,89,278,2.3,0.3,26.3,"AM","MANAUS","A101",-3.10361111,-60.01555555,48.79
172423,2021-04-15,07:00:00,0,1003.6,1004.1,1003.6,0,24.8,23.2,24.9,24.5,23.4,23.2,93,91,91,342,1.2,0.4,24.7,"AM","MANAUS","A101",-3.10361111,-60.01555555,48.79
172429,2021-04-15,13:00:00,0,1006.6,1006.6,1006.1,1364,29.3,24,29.5,27.3,25.3,23.8,84,74,74,247,4,2,28.4,"AM","MANAUS","A101",-3.10361111,-60.01555555,48.79
172435,2021-04-15,19:00:00,0,1000.6,1001.7,1000.6,2184,31,22.3,31.7,30.4,23.7,21.7,65,57,60,128,5.7,2.2,31.05,"AM","MANAUS","A101",-3.10361111,-60.01555555,48.79
172441,2021-04-16,01:00:00,0,1004.5,1004.5,1003.7,0,26.8,22.6,27.1,26.8,22.6,22.3,78,75,78,77,4.1,1.6,26.95,"AM","MANAUS","A101",-3.10361111,-60.01555555,48.79
172447,2021-04-16,07:00:00,0,1003.1,1003.6,1003.1,0,25,21.9,25.6,24.9,22,21.6,84,79,83,66,2.5,0.7,25.25,"AM","MANAUS","A101",-3.10361111,-60.01555555,48.79
172453,2021-04-16,13:00:00,0,1006.2,1006.2,1005.6,1394,28.4,22.8,29,27.1,24,22.5,81,70,72,71,3.2,1.5,28.05,"AM","MANAUS","A101",-3.10361111,-60.01555555,48.79
172459,2021-04-16,19:00:00,0,1000.9,1002.6,1000.8,658,29.3,22.3,29.4,28.3,23,21.4,71,65,66,70,5.1,1.9,28.85,"AM","MANAUS","A101",-3.10361111,-60.01555555,48.79
172465,2021-04-17,01:00:00,0,1004.2,1004.2,1003.6,0,26.2,23,26.4,26.1,23,22.7,83,81,82,327,1.2,0.6,26.25,"AM","MANAUS","A101",-3.10361111,-60.01555555,48.79
172471,2021-04-17,07:00:00,0,1003.5,1003.9,1003.5,0,25.5,23.4,25.8,25.5,23.6,23.3,89,87,88,299,2,0.4,25.65,"AM","MANAUS","A101",-3.10361111,-60.01555555,48.79
172477,2021-04-17,13:00:00,1.2,1007.2,1007.2,1006.8,252,23.9,22.9,24,23.4,23.1,22.5,95,94,94,347,2.1,0.5,23.7,"AM","MANAUS","A101",-3.10361111,-60.01555555,48.79
172483,2021-04-17,19:00:00,0,1002.1,1003.9,1002.1,1874,29.2,22.4,30.1,27.8,23.6,22.4,76,64,67,243,3.3,1.1,28.95,"AM","MANAUS","A101",-3.10361111,-60.01555555,48.79
172489,2021-04-18,01:00:00,0,1004.4,1004.4,1004,0,26.4,23.5,27,26.4,23.7,23.4,84,82,84,134,6.6,0.6,26.7,"AM","MANAUS","A101",-3.10361111,-60.01555555,48.79
172495,2021-04-18,07:00:00,0.8,1004.7,1004.9,1004.6,0,24.6,23.5,24.8,24.6,23.8,23.5,94,94,94,310,3.1,0.3,24.7,"AM","MANAUS","A101",-3.10361111,-60.01555555,48.79
172501,2021-04-18,13:00:00,0,1007.7,1007.7,1007.2,725,26.4,23.2,26.5,26,23.5,22.7,86,81,83,98,3.9,1.4,26.25,"AM","MANAUS","A101",-3.10361111,-60.01555555,48.79
172507,2021-04-18,19:00:00,0,1002.9,1004.7,1002.9,1578,28.8,21.8,29.1,27.5,23.7,21.6,76,64,66,89,3.6,1.1,28.3,"AM","MANAUS","A101",-3.10361111,-60.01555555,48.79
172513,2021-04-19,01:00:00,0,1006.9,1006.9,1005.8,0,25.3,22.9,25.5,25.2,23,22.8,87,86,87,56,2.3,0.9,25.35,"AM","MANAUS","A101",-3.10361111,-60.01555555,48.79
172519,2021-04-19,07:00:00,0,1005.7,1005.7,1005.6,0,24.5,23.3,24.7,24.4,23.3,23.1,93,91,93,339,1.1,0.3,24.55,"AM","MANAUS","A101",-3.10361111,-60.01555555,48.79
172525,2021-04-19,13:00:00,0,1008.6,1008.6,1008.1,807,27.3,22.3,27.4,26.2,23.2,22.1,84,74,74,80,2.6,1.2,26.8,"AM","MANAUS","A101",-3.10361111,-60.01555555,48.79
172531,2021-04-19,19:00:00,0.2,1004.8,1005.3,1004.8,764,25.5,22.1,25.6,24.7,23.5,22,91,82,82,66,3.9,1.3,25.15,"AM","MANAUS","A101",-3.10361111,-60.01555555,48.79
172537,2021-04-20,01:00:00,0,1006.5,1006.5,1005.6,0,25,23.2,25,24.8,23.2,22.9,90,88,90,67,2.5,1.1,24.9,"AM","MANAUS","A101",-3.10361111,-60.01555555,48.79
172543,2021-04-20,07:00:00,0,1005.2,1005.6,1005.2,0,24.8,23,24.9,24.4,23.5,23,93,89,90,92,1.9,0.7,24.65,"AM","MANAUS","A101",-3.10361111,-60.01555555,48.79
172549,2021-04-20,13:00:00,0,1008.2,1008.2,1007.6,1579,29,23,29,26.4,23.8,22.4,82,70,70,63,3.7,1.6,27.7,"AM","MANAUS","A101",-3.10361111,-60.01555555,48.79
172555,2021-04-20,19:00:00,0,1004.1,1004.6,1004.1,578,27.1,22.4,27.4,27,23.1,22.4,78,75,75,32,4.1,1.6,27.2,"AM","MANAUS","A101",-3.10361111,-60.01555555,48.79
172561,2021-04-21,01:00:00,0,1006.8,1006.8,1006.4,0,25.2,21.6,25.4,25.1,22.2,21.6,84,80,81,44,3.7,1.6,25.25,"AM","MANAUS","A101",-3.10361111,-60.01555555,48.79
172567,2021-04-21,07:00:00,0,1005,1005.7,1005,0,23.6,22.3,23.7,23.6,22.4,22.2,93,92,93,33,2,0.5,23.65,"AM","MANAUS","A101",-3.10361111,-60.01555555,48.79
172573,2021-04-21,13:00:00,0,1008,1008.1,1007.7,1935,28.6,21.4,29.3,26.5,22.9,21.2,80,63,65,45,3.8,1.3,27.9,"AM","MANAUS","A101",-3.10361111,-60.01555555,48.79
172579,2021-04-21,19:00:00,0,1002.6,1003.8,1002.6,2039,31,22.5,31.3,28,24,21.9,76,60,61,103,3.6,1.6,29.65,"AM","MANAUS","A101",-3.10361111,-60.01555555,48.79
172585,2021-04-22,01:00:00,0,1006,1006,1005.2,0,25.7,23.5,26.3,25.7,23.7,23.4,88,85,88,84,1.9,0.2,26,"AM","MANAUS","A101",-3.10361111,-60.01555555,48.79
172591,2021-04-22,07:00:00,0,1004,1004.7,1004,0,25.3,22.5,25.6,25.3,22.6,22.5,85,84,85,61,2.5,1.1,25.45,"AM","MANAUS","A101",-3.10361111,-60.01555555,48.79
172597,2021-04-22,13:00:00,0.4,1007.4,1007.5,1006.7,1519,27.8,23.1,29.1,27.6,24,22.2,78,69,75,104,4.1,2,28.35,"AM","MANAUS","A101",-3.10361111,-60.01555555,48.79
172603,2021-04-22,19:00:00,0,1001.8,1002.5,1001.8,2154,30.3,21.9,30.6,29,23.4,21.3,68,60,61,85,5.7,1.9,29.8,"AM","MANAUS","A101",-3.10361111,-60.01555555,48.79
172609,2021-04-23,01:00:00,0,1005.3,1005.3,1005.1,0,25.8,23.5,26,25.8,23.9,23.5,89,87,87,44,2.5,0.4,25.9,"AM","MANAUS","A101",-3.10361111,-60.01555555,48.79
172615,2021-04-23,07:00:00,0,1003.2,1003.6,1003.2,0,24.2,23,24.4,24.2,23.1,22.9,93,92,93,43,1.3,0.3,24.3,"AM","MANAUS","A101",-3.10361111,-60.01555555,48.79
172621,2021-04-23,13:00:00,0.8,1008,1008.1,1007.8,573,25.4,22.8,25.4,24,22.8,22.1,91,85,85,45,6.4,1.8,24.7,"AM","MANAUS","A101",-3.10361111,-60.01555555,48.79
172627,2021-04-23,19:00:00,0,1002.6,1003.5,1002.6,1085,28.2,21.8,28.3,27.7,22.3,21.4,71,68,68,96,5,1.4,28,"AM","MANAUS","A101",-3.10361111,-60.01555555,48.79
172633,2021-04-24,01:00:00,0,1004.6,1004.6,1003.8,0,26.3,22.8,26.4,26.2,23,22.6,82,80,81,112,3,0.9,26.3,"AM","MANAUS","A101",-3.10361111,-60.01555555,48.79
172639,2021-04-24,07:00:00,0,1004,1004.2,1004,0,25.1,23.2,25.7,25.1,23.6,23.2,89,88,89,51,2.1,0.4,25.4,"AM","MANAUS","A101",-3.10361111,-60.01555555,48.79
172645,2021-04-24,13:00:00,0,1007,1007.1,1006.9,1424,29,23.4,29.6,27.1,24.7,23.3,83,71,72,203,3.5,1.8,28.35,"AM","MANAUS","A101",-3.10361111,-60.01555555,48.79
172651,2021-04-24,19:00:00,0,1002.2,1002.8,1002.2,873,29.6,22.8,29.6,27.6,23.6,21.8,78,65,67,57,3.4,1.5,28.6,"AM","MANAUS","A101",-3.10361111,-60.01555555,48.79
172657,2021-04-25,01:00:00,0,1004.5,1004.5,1003.5,0,26.4,23.5,26.8,26.2,23.7,23.4,85,83,84,51,4.8,0.7,26.5,"AM","MANAUS","A101",-3.10361111,-60.01555555,48.79
172663,2021-04-25,07:00:00,0,1003.5,1003.6,1003.3,0,25.6,23.6,25.6,24.8,23.7,23.4,92,89,89,148,1.5,0.6,25.2,"AM","MANAUS","A101",-3.10361111,-60.01555555,48.79
172669,2021-04-25,13:00:00,0,1006.3,1006.3,1006,161,25.2,22.8,25.2,25,23.1,22.6,89,85,86,51,3.4,1.5,25.1,"AM","MANAUS","A101",-3.10361111,-60.01555555,48.79
172675,2021-04-25,19:00:00,0,1000.9,1002.1,1000.9,2495,31,21.2,31.4,30.2,22.6,20.9,63,55,56,80,5.2,2,30.8,"AM","MANAUS","A101",-3.10361111,-60.01555555,48.79
172681,2021-04-26,01:00:00,0,1004.8,1004.8,1003.7,0,27.6,23.8,28.2,27.5,23.9,23.4,81,75,80,87,2.1,0.8,27.85,"AM","MANAUS","A101",-3.10361111,-60.01555555,48.79
172687,2021-04-26,07:00:00,0,1003.3,1003.7,1003.3,0,25.2,23.3,25.5,25.2,23.3,23.1,89,87,89,358,2.2,0.4,25.35,"AM","MANAUS","A101",-3.10361111,-60.01555555,48.79
172693,2021-04-26,13:00:00,0,1006.3,1006.3,1005.7,789,27.7,24.1,27.7,26.8,24.4,23.6,85,80,81,234,4,2.3,27.25,"AM","MANAUS","A101",-3.10361111,-60.01555555,48.79
172699,2021-04-26,19:00:00,4.8,1003.6,1004.8,1003.6,82,23.2,21.6,23.7,23.1,22.7,21.3,94,87,91,18,4.1,0.6,23.4,"AM","MANAUS","A101",-3.10361111,-60.01555555,48.79
172705,2021-04-27,01:00:00,0,1004.9,1004.9,1004.5,0,23.7,22.6,23.9,23.7,22.7,22.5,93,93,93,15,1.2,0.4,23.8,"AM","MANAUS","A101",-3.10361111,-60.01555555,48.79
172711,2021-04-27,07:00:00,0,1003.5,1003.5,1003.2,0,23.1,22.1,23.1,22.8,22.1,21.7,94,93,94,124,1.8,0.6,22.95,"AM","MANAUS","A101",-3.10361111,-60.01555555,48.79
172717,2021-04-27,13:00:00,0,1007,1007.1,1006.6,1002,26.9,23,26.9,25.1,23.3,22.3,87,79,79,24,2.2,0.5,26,"AM","MANAUS","A101",-3.10361111,-60.01555555,48.79
172723,2021-04-27,19:00:00,0,1001.4,1002.5,1001.4,1943,30,21.3,31.5,29.4,22.5,20.9,65,56,60,117,3.6,1.3,30.45,"AM","MANAUS","A101",-3.10361111,-60.01555555,48.79
172729,2021-04-28,01:00:00,0,1005.1,1005.1,1003.6,0,26.9,23,27.3,26.8,23.4,22.6,82,76,79,45,2.8,1.6,27.05,"AM","MANAUS","A101",-3.10361111,-60.01555555,48.79
172735,2021-04-28,07:00:00,0,1003.8,1004.1,1003.7,0,24.9,23.5,25.2,24.9,23.6,23.5,92,91,92,12,1.4,0.4,25.05,"AM","MANAUS","A101",-3.10361111,-60.01555555,48.79
172741,2021-04-28,13:00:00,0.4,1007,1007,1006.4,395,25.9,24.4,25.9,25.2,24.5,24,93,91,91,11,2.1,0.6,25.55,"AM","MANAUS","A101",-3.10361111,-60.01555555,48.79
172747,2021-04-28,19:00:00,0,1002.9,1003.3,1002.8,1621,28.4,22.9,29.5,28.4,23.6,22.4,73,68,72,194,6.7,3,28.95,"AM","MANAUS","A101",-3.10361111,-60.01555555,48.79
172753,2021-04-29,01:00:00,0,1005.1,1005.1,1004.7,0,25.8,22.4,25.8,25.4,22.7,22.4,85,82,82,51,2,0.8,25.6,"AM","MANAUS","A101",-3.10361111,-60.01555555,48.79
172759,2021-04-29,07:00:00,0,1004.5,1004.8,1004.5,0,24.4,22,25.1,24.4,22.9,21.8,88,85,86,215,4.4,1.9,24.75,"AM","MANAUS","A101",-3.10361111,-60.01555555,48.79
172765,2021-04-29,13:00:00,0,1007.7,1007.7,1007.3,890,26.4,21.9,27.1,25.7,23.2,21.7,81,74,76,206,2.7,1.5,26.4,"AM","MANAUS","A101",-3.10361111,-60.01555555,48.79
172771,2021-04-29,19:00:00,0,1002.9,1004,1002.9,1679,31,22.8,31,29.5,23.7,21.6,68,60,62,205,5.2,2.5,30.25,"AM","MANAUS","A101",-3.10361111,-60.01555555,48.79
172777,2021-04-30,01:00:00,0,1006.3,1006.3,1005.5,0,26.8,22.9,27.5,26.8,23.5,22.7,80,77,79,211,4.1,1.7,27.15,"AM","MANAUS","A101",-3.10361111,-60.01555555,48.79
172783,2021-04-30,07:00:00,0,1005.7,1005.9,1005.7,0,24.3,22.8,24.6,24,23.2,22.7,93,91,91,14,1.5,0.3,24.3,"AM","MANAUS","A101",-3.10361111,-60.01555555,48.79
172789,2021-04-30,13:00:00,0,1007.8,1007.8,1007.3,1135,27.5,23.2,29.4,27.3,23.9,22.4,79,70,77,240,2.7,1.3,28.35,"AM","MANAUS","A101",-3.10361111,-60.01555555,48.79
172795,2021-04-30,19:00:00,0,1002.6,1003.5,1002.6,1958,31,21.5,32.3,30.5,22.5,20.6,60,52,57,123,4.2,1.4,31.4,"AM","MANAUS","A101",-3.10361111,-60.01555555,48.79
